Time,X,Y,Theta,Odor,Wind
0,300,0,2.61799,N,F
0.0333333333333333,300.100000671687,0.173204692956436,2.61799,N,F
0.0666666666666667,300.166251466743,0.134954436036129,2.61799,N,F
0.1,300.298753056855,0.0584539221955138,2.61799,N,F
0.133333333333333,300.365003851911,0.0202036652752065,2.61539,N,F
0.166666666666667,300.365003851911,0.0202036652752065,2.61539,N,F
0.2,300.365003851911,0.0202036652752065,2.61539,N,F
0.233333333333333,300.365003851911,0.0202036652752065,2.61539,B,F
0.266666666666667,300.365003851911,0.0202036652752065,2.61539,B,F
0.3,300.365003851911,0.0202036652752065,2.61539,B,F
0.333333333333333,300.214327853842,-0.239212493831972,2.61539,B,F
0.366666666666667,300.214327853842,-0.239212493831972,2.61539,B,F
0.4,300.214327853842,-0.239212493831972,2.61539,B,F
0.433333333333333,300.214327853842,-0.239212493831972,2.61539,B,F
0.466666666666667,300.214327853842,-0.239212493831972,2.61799,B,F
0.5,300.214327853842,-0.239212493831972,2.62059,B,F
0.533333333333333,300.214327853842,-0.239212493831972,2.62059,B,F
0.566666666666667,300.164552852846,-0.325944548321149,2.62059,B,F
0.6,300.164552852846,-0.325944548321149,2.62839,B,F
0.633333333333333,300.164552852846,-0.325944548321149,2.62839,B,F
0.666666666666667,300.564422899323,-0.551299703422743,2.62839,B,F
0.7,300.743262809988,-0.0781522249836723,2.63099,B,F
0.733333333333333,301.134225306637,0.619807892941646,2.63099,B,F
0.766666666666667,301.378576867042,1.05603296664497,2.63099,B,F
0.8,301.196221682408,1.04355952938834,2.62839,B,F
0.833333333333333,301.396156705646,0.930881951837546,2.62839,N,F
0.866666666666667,301.49435067301,1.1051172662064,2.62839,N,F
0.9,301.427705665264,1.14267645872333,2.62579,N,F
0.933333333333333,301.427705665264,1.14267645872333,2.62579,N,F
0.966666666666667,301.70876989282,1.32818090607912,2.63359,N,F
1,301.70876989282,1.32818090607912,2.63359,N,F
1.03333333333333,301.490055548422,1.56440121755731,2.64399,N,F
1.06666666666667,300.934772179571,1.18322359455535,2.64659,N,F
1.1,300.90301913326,1.76856771902398,2.66219,N,F
1.13333333333333,301.312898713879,1.89360663053198,2.66739,R,F
1.16666666666667,301.312898713879,1.89360663053198,2.67519,R,F
1.2,300.949646835856,1.85256917066733,2.69079,R,F
1.23333333333333,300.949646835856,1.85256917066733,2.71159,R,F
1.26666666666667,301.074708800191,2.1252585637076,2.70639,R,F
1.3,300.896501351033,2.64923218428853,2.71679,R,F
1.33333333333333,300.937715449382,2.74034419281245,2.71939,R,F
1.36666666666667,301.602272412015,3.09957259288054,2.72459,R,F
1.4,301.532327923748,3.13055675917479,2.74279,R,F
1.43333333333333,301.923643372567,3.0741788422652,2.76359,R,F
1.46666666666667,302.108175805466,3.53888066193952,2.76359,R,F
1.5,302.866930455144,4.20594316395262,2.79739,R,F
1.53333333333333,302.96816431715,4.48834660795306,2.82079,R,F
1.56666666666667,302.179126936233,4.53977628339303,2.82859,R,F
1.6,302.013968783906,4.27790792959672,2.82859,R,F
1.63333333333334,301.277745456348,3.99064635548889,2.80519,R,F
1.66666666666667,301.015713315762,4.40009159883638,2.75839,R,F
1.7,300.16429407008,4.74332514626967,2.67259,R,F
1.73333333333334,299.64317778763,4.22264475469966,2.59979,N,F
1.76666666666667,300.219095571602,3.99272584267836,2.52179,N,F
1.8,300.509532838218,4.39972239568657,2.52179,N,F
1.83333333333334,300.571803310828,4.35528549389431,2.48279,N,F
1.86666666666667,300.571803310828,4.35528549389431,2.48279,N,F
1.9,300.510586258994,4.27621291606409,2.48279,N,F
1.93333333333334,300.268624170834,4.46353709467708,2.48539,N,F
1.96666666666667,299.722317110805,4.63178942352616,2.55039,N,F
2,299.587505918887,4.84273062986957,2.63359,N,F
2.03333333333334,299.204665540628,4.94141950854522,2.71939,B,F
2.06666666666667,298.646406135173,5.19219916525825,2.79999,B,F
2.1,298.4068275962,4.74671698417397,2.82599,B,F
2.13333333333334,298.59306124567,5.31708268072774,2.86499,B,F
2.16666666666667,298.788833969747,4.3259449302071,2.87019,B,F
2.2,298.862533749717,4.30543657989892,2.87019,B,F
2.23333333333334,298.788833969747,4.3259449302071,2.85459,B,F
2.26666666666667,298.70391034293,4.03821592991645,2.84419,B,F
2.3,298.70391034293,4.03821592991645,2.84419,B,F
2.33333333333333,298.572396563339,4.39229837197996,2.85199,B,F
2.36666666666667,298.572396563339,4.39229837197996,2.86759,B,F
2.4,298.572396563339,4.39229837197996,2.88579,B,F
2.43333333333333,298.471187753054,4.00531416465288,2.88579,B,F
2.46666666666667,298.765334793596,3.61829508432194,2.90399,B,F
2.5,298.788872124794,3.71548558817944,2.90399,B,F
2.53333333333333,299.086275066598,3.64346135471345,2.94559,B,F
2.56666666666667,298.991764811237,3.56027444689957,2.97679,B,F
2.6,299.040982109739,3.85620967212328,2.99759,B,F
2.63333333333333,299.390821956611,3.60338892230173,3.00539,N,F
2.66666666666667,298.508480169809,3.92618447875069,3.00019,N,F
2.7,298.508480169809,3.92618447875069,3.00019,N,F
2.73333333333333,297.145223605369,4.12024771460629,2.99499,N,F
2.76666666666667,296.903577629341,4.05484532726982,2.98719,N,F
2.8,296.934335606669,4.2524660418487,2.98719,N,F
2.83333333333333,296.254026296731,4.35835037880166,3.00539,N,F
2.86666666666667,296.329817811039,4.34796306158283,3.01579,N,F
2.9,296.214442670512,5.8745031288423,3.03139,N,F
2.93333333333333,296.855724093033,6.1053756848763,3.05999,N,F
2.96666666666667,296.863875304882,6.20504291994077,3.05999,N,F
3,296.888328940428,6.50404462513418,3.05999,N,F
3.03333333333333,296.888328940428,6.50404462513418,3.05999,B,F
3.06666666666667,296.964574375253,6.49780894806986,3.17439,B,F
3.1,296.59867581137,5.98553510436088,3.26799,B,F
3.13333333333333,296.446896371191,5.96624776293608,3.33819,B,F
3.16666666666667,296.446896371191,5.96624776293608,3.33819,B,F
3.2,296.446896371191,5.96624776293608,3.36419,R,F
3.23333333333333,296.40274364562,6.16131323098366,3.36419,R,F
3.26666666666666,296.40274364562,6.16131323098366,3.34599,R,F
3.3,296.40274364562,6.16131323098366,3.34599,R,F
3.33333333333333,296.736685911802,6.43478866471978,3.34079,R,F
3.36666666666666,295.730606460384,5.61958293152502,3.33819,R,F
3.4,294.905316354134,5.45520990902603,3.35639,R,F
3.43333333333333,295.129542354575,5.50412770462194,3.39799,R,F
3.46666666666666,295.573537588058,5.62052887576998,3.44479,R,F
3.5,295.085789924862,6.41095437323737,3.50199,R,F
3.53333333333333,294.514162955764,6.40926375200251,3.58259,R,F
3.56666666666666,294.375801015934,6.34395698660598,3.65279,R,F
3.6,294.068941711984,7.20375136177906,3.73859,R,F
3.63333333333333,293.829974185445,7.28314607986304,3.80099,R,F
3.66666666666666,293.953303718888,6.99917059468759,3.86339,R,F
3.7,294.125570864939,7.15080924540568,3.92579,R,F
3.73333333333333,293.941870780042,6.68504613092704,3.98039,R,R
3.76666666666666,293.862866629647,6.44749909512067,4.04539,N,R
3.8,293.578915032759,6.08687118352071,4.10519,N,R
3.83333333333333,293.596702731198,5.23615627958154,4.15719,N,R
3.86666666666666,293.274109940387,4.71608138947788,4.19879,N,R
3.9,293.262182954031,4.89847312996106,4.22479,N,R
3.93333333333333,293.527221042902,4.75792131941543,4.22479,N,R
3.96666666666666,293.651407784215,4.77865542856231,4.24819,N,R
4,293.651407784215,4.77865542856231,4.24819,N,R
4.03333333333333,293.630488860213,4.96023571003193,4.27419,N,R
4.06666666666666,293.662948521636,5.02950778507148,4.31059,N,R
4.1,293.939056206034,4.91218538049153,4.34699,B,R
4.13333333333333,293.752259951824,4.98364977311434,4.37039,L,R
4.16666666666666,293.675292313595,4.76744100209559,4.39639,R,R
4.19999999999999,294.150535515574,4.61205793039084,4.39639,R,R
4.23333333333333,294.768282978916,3.92717175624618,4.41459,R,R
4.26666666666666,294.611158294197,3.4152419920674,4.43019,R,R
4.29999999999999,294.888822327329,2.93648429269809,4.43799,R,R
4.33333333333333,294.951009586953,3.15739829121416,4.44059,R,R
4.36666666666666,294.951009586953,3.15739829121416,4.44059,R,R
4.39999999999999,295.38522037717,2.48047788255508,4.44319,R,R
4.43333333333333,294.806829830613,2.64005349363926,4.44319,R,R
4.46666666666666,294.132040859629,2.82622503990414,4.44319,R,R
4.49999999999999,293.781807915111,2.68477846138798,4.43019,R,R
4.53333333333333,293.739202262035,2.53783031296149,4.41719,R,R
4.56666666666666,294.121899970776,2.42145822127146,4.41719,R,R
4.59999999999999,293.988362995561,1.98231260049105,4.37559,R,R
4.63333333333333,293.597353350174,1.47078991554552,4.34959,R,R
4.66666666666666,293.597353350174,1.47078991554552,4.34959,R,R
4.69999999999999,292.55078566965,0.967979474044365,4.29239,R,R
4.73333333333333,291.846964038819,0.863378508583284,4.22999,N,R
4.76666666666666,291.563053733205,0.321217150345712,4.17539,N,R
4.79999999999999,291.906752832779,0.116593278443077,4.17539,N,R
4.83333333333333,291.867618517277,0.0508608256496615,4.17019,N,R
4.86666666666666,291.867618517277,0.0508608256496615,4.17019,N,R
4.89999999999999,292.064996485381,0.378501158495397,4.17539,N,R
4.93333333333333,292.064996485381,0.378501158495397,4.17539,N,R
4.96666666666666,290.502184653471,0.685713508576373,4.16239,N,R
4.99999999999999,290.331679642471,0.790250780513039,4.16239,N,R
5.03333333333333,290.030655126987,1.06454349109379,4.12599,N,R
5.06666666666666,289.148528943824,0.640308123664253,4.08699,B,R
5.09999999999999,288.728473895927,-0.283046633043897,4.06099,B,R
5.13333333333332,288.595989503204,-0.951621150719396,4.05059,B,R
5.16666666666666,288.344187742431,-0.949413601987502,4.04539,B,R
5.19999999999999,287.729881095862,-1.24466153844257,4.03759,B,R
5.23333333333332,287.586503181706,-1.42386260912108,4.02719,B,R
5.26666666666666,287.34444681856,-1.72002973602891,4.00899,B,R
5.29999999999999,287.097040599546,-2.01174263048675,3.99859,L,R
5.33333333333332,285.517052872307,-3.07218347361411,3.99859,L,R
5.36666666666666,283.783128938296,-3.08843281407306,4.00899,L,R
5.39999999999999,283.706864129287,-3.02375144962483,4.00899,L,R
5.43333333333332,283.927486783096,-2.60901461182721,4.01419,L,R
5.46666666666666,283.139731318136,-2.14765756200008,4.02199,L,R
5.49999999999999,283.139731318136,-2.14765756200008,4.02199,L,R
5.53333333333332,282.600036926698,-1.70186617149278,4.02199,L,R
5.56666666666666,282.600036926698,-1.70186617149278,4.01679,L,R
5.59999999999999,282.034925609214,-1.13046311860339,3.99079,L,R
5.63333333333332,281.832786308166,-1.36019274876009,3.95699,L,R
5.66666666666666,281.442177040886,-2.35841849993812,3.94139,L,R
5.69999999999999,281.22701257507,-2.14936287899008,3.94139,L,R
5.73333333333332,280.940126620648,-1.87062205105936,3.94139,L,R
5.76666666666666,279.500778670421,-3.35202939820482,3.94399,L,R
5.79999999999999,278.437451684887,-4.45213653927571,3.94919,L,R
5.83333333333332,278.292925992983,-4.31388920881393,3.94919,L,R
5.86666666666666,278.292925992983,-4.31388920881393,3.94919,N,R
5.89999999999999,277.975648369573,-4.64557567173252,3.95959,N,R
5.93333333333332,277.661837381414,-4.98054382501029,3.97259,N,R
5.96666666666666,277.211680741769,-4.880397682878,3.98819,N,R
5.99999999999999,277.262364720315,-4.8230968598579,4.01159,N,R
6.03333333333332,277.424984739733,-5.56082020182603,4.03499,R,R
6.06666666666665,277.580825857661,-5.68617388530976,4.03499,B,R
6.09999999999999,278.048349211445,-6.06223493576094,4.05579,B,R
6.13333333333332,278.048349211445,-6.06223493576094,4.05579,B,R
6.16666666666665,277.097861754212,-5.32972309719293,4.09739,B,R
6.19999999999999,276.883772560956,-5.45947696931682,4.13379,B,R
6.23333333333332,276.423487659171,-5.79844313162392,4.18319,B,R
6.26666666666665,276.19176515652,-6.1946573183522,4.21439,B,R
6.29999999999999,275.152287714333,-5.80363858838543,4.21959,B,R
6.33333333333332,275.24038892748,-5.85094795576559,4.21959,B,R
6.36666666666665,275.432309234832,-6.12767091402199,4.21959,B,R
6.39999999999999,274.515105437309,-5.72197466827833,4.22219,B,R
6.43333333333332,274.338657598145,-5.62781437912136,4.22219,B,R
6.46666666666665,274.073985839398,-5.48657394538591,4.22219,B,R
6.49999999999999,274.11000215,-5.41908264690543,4.22999,B,R
6.53333333333332,274.269568183632,-5.32993288015883,4.24819,B,R
6.56666666666665,274.269568183632,-5.32993288015883,4.26379,B,R
6.59999999999999,274.990412674572,-5.6768957310258,4.29239,B,R
6.63333333333332,275.144108817054,-5.57796901175298,4.32099,B,R
6.66666666666665,274.628441451131,-5.7789501494792,4.34699,B,R
6.69999999999999,273.760523177005,-5.52880994991205,4.35999,B,R
6.73333333333332,273.854377917548,-5.56332498544201,4.35999,B,R
6.76666666666665,273.669549902285,-6.06591712104896,4.37039,B,R
6.79999999999999,273.763758517108,-6.09945421831653,4.37039,B,R
6.83333333333332,273.284300540178,-6.25358419060462,4.39119,B,R
6.86666666666665,273.494783838498,-6.88797920250822,4.41979,B,R
6.89999999999999,272.942745108693,-7.68042935286191,4.42759,N,R
6.93333333333332,272.654829663264,-7.59613999242199,4.42759,N,R
6.96666666666665,272.525866941791,-8.03665062392849,4.42759,N,R
6.99999999999998,272.461385581055,-8.25690593968175,4.42239,N,R
7.03333333333332,272.173912330933,-8.17112056526238,4.42239,N,R
7.06666666666665,273.036332081299,-8.42847668852048,4.42239,N,R
7.09999999999998,273.753948273126,-9.52079040317737,4.38339,N,R
7.13333333333332,273.564675024543,-9.45617123132573,4.38339,N,R
7.16666666666665,273.21084536061,-9.25453587003942,4.35999,R,R
7.19999999999998,273.052421347527,-9.68532912913109,4.35739,B,R
7.23333333333332,272.864891978882,-9.61581124729171,4.36779,B,R
7.26666666666665,272.881483558675,-9.86560109792612,4.39899,B,R
7.29999999999998,272.644847571938,-10.2714143675226,4.41979,B,R
7.33333333333332,271.473784833886,-9.99853286659882,4.44319,B,R
7.36666666666665,270.895394287328,-9.83895725551464,4.44319,B,R
7.39999999999998,270.42841702797,-10.0275526935362,4.43019,B,R
7.43333333333332,269.660060696328,-9.80477803693,4.39899,B,R
7.46666666666665,269.946239256947,-10.2191906711998,4.36779,B,R
7.49999999999998,270.254445730494,-10.248533807771,4.33659,B,R
7.53333333333332,270.663399642657,-10.5743645885862,4.32099,B,R
7.56666666666665,270.707387279813,-12.8269975675193,4.29499,B,R
7.59999999999998,270.704145260082,-13.3276676078733,4.29499,B,R
7.63333333333332,270.248693048251,-12.8746405306051,4.28979,B,R
7.66666666666665,270.248693048251,-12.8746405306051,4.28979,B,R
7.69999999999998,270.217317936979,-12.9444105269696,4.30279,B,R
7.73333333333332,269.697746685952,-12.8856337023998,4.31839,B,R
7.76666666666665,269.433442511675,-13.521381729105,4.34699,B,R
7.79999999999998,269.187426340071,-14.1644278342245,4.35739,B,R
7.83333333333332,269.187426340071,-14.1644278342245,4.35739,B,R
7.86666666666665,269.603068582078,-14.4816825058367,4.36519,N,R
7.89999999999998,269.290705069392,-15.3449049777074,4.36779,N,R
7.93333333333331,269.478947269479,-15.412468829777,4.36779,N,R
7.96666666666665,269.418009329022,-15.878266605011,4.36779,N,R
7.99999999999998,269.512130429066,-15.9120485310458,4.36779,N,R
8.03333333333332,269.279541868316,-16.5600723048446,4.37039,N,R
8.06666666666665,269.151262471267,-16.9204202565425,4.38339,N,R
8.09999999999998,268.743768432226,-17.1854765866803,4.39119,N,R
8.13333333333332,268.933539947576,-17.2486174764577,4.39119,N,R
8.16666666666665,269.099160072586,-17.3843459708563,4.40419,N,R
8.19999999999998,269.003871928421,-17.3540116737387,4.42239,N,R
8.23333333333331,269.800665867356,-17.8312848333402,4.44319,N,R
8.26666666666665,270.490469701114,-18.3390314935301,4.47439,N,R
8.29999999999998,270.825087799691,-18.6563656677129,4.49779,N,R
8.33333333333331,271.346120057486,-19.5528869370295,4.51859,N,R
8.36666666666665,271.257722102143,-20.0032943098501,4.55499,R,R
8.39999999999998,271.233739371565,-20.1544029748366,4.59399,R,R
8.43333333333331,271.233739371565,-20.1544029748366,4.59399,R,R
8.46666666666665,271.233739371565,-20.1544029748366,4.63039,R,R
8.49999999999998,271.520199572279,-20.3314610257875,4.68499,R,R
8.53333333333331,271.605491721097,-20.8694995925743,4.72399,R,R
8.56666666666665,271.303736992231,-20.7199901159283,4.74219,R,R
8.59999999999998,271.101546355166,-20.6494834050207,4.74739,R,R
8.63333333333331,270.707145407088,-20.8163872460659,4.72139,R,R
8.66666666666665,270.905071599199,-20.5850963632444,4.68239,R,R
8.69999999999998,271.005026605633,-20.588095811349,4.63559,R,R
8.73333333333331,270.899452016507,-20.6566979697044,4.56539,R,R
8.76666666666665,270.921861948325,-20.505348060699,4.49779,R,R
8.79999999999998,270.237918637819,-20.356279123578,4.49779,R,R
8.83333333333331,269.814511678417,-20.4205873402337,4.42499,R,R
8.86666666666665,270.677597638972,-20.6757003048039,4.42499,R,R
8.89999999999998,270.615908370779,-20.1788346950161,4.42499,R,R
8.93333333333331,271.117085173077,-20.2472018131301,4.48999,R,R
8.96666666666665,271.117085173077,-20.2472018131301,4.48999,B,R
8.99999999999998,271.319568572343,-19.3518111313485,4.56799,B,R
9.03333333333331,271.011796931378,-18.6886214020722,4.65899,B,R
9.06666666666665,269.813507395541,-18.6245730741855,4.65899,B,R
9.09999999999998,268.855763591372,-17.8072898885175,4.69799,B,R
9.13333333333331,268.855763591372,-17.8072898885175,4.69799,B,R
9.16666666666664,269.160138428061,-17.5056411544063,4.66939,B,R
9.19999999999998,268.447631813867,-17.7812683024352,4.62259,B,R
9.23333333333331,267.757312660812,-17.6423016988031,4.56539,B,R
9.26666666666664,267.802132524447,-17.3396018807924,4.51599,B,R
9.29999999999998,267.966341834195,-16.5142791847564,4.47179,B,R
9.33333333333331,268.02102810311,-16.2913898355445,4.45099,B,R
9.36666666666664,267.750989356463,-16.1399589096769,4.43799,B,R
9.39999999999998,267.462212887815,-16.0586683742197,4.43799,B,R
9.43333333333331,266.018330544572,-15.6522156969334,4.43799,B,R
9.46666666666664,265.199415178601,-15.978003777404,4.46659,B,R
9.49999999999998,264.617449248045,-15.8320049566166,4.46659,B,R
9.53333333333331,264.326466282766,-15.7590055462229,4.52639,B,R
9.56666666666664,264.073327799586,-16.0227419834724,4.55759,B,R
9.59999999999998,264.085122683301,-15.947156728838,4.56799,B,R
9.63333333333331,264.085122683301,-15.947156728838,4.56539,B,R
9.66666666666664,263.547618457923,-15.480899870765,4.54199,N,R
9.69999999999998,262.673625519388,-15.2528897977586,4.50819,N,R
9.73333333333331,262.797728622137,-14.6536048739634,4.47959,N,R
9.76666666666664,263.673450651645,-14.8612365840507,4.47959,N,R
9.79999999999998,264.354567785707,-15.0227279141187,4.47959,N,R
9.83333333333331,263.638622507445,-15.8750498066769,4.43539,N,R
9.86666666666664,263.579952898341,-16.8127501196594,4.40419,N,R
9.89999999999998,263.198800321682,-16.691412931189,4.38079,N,R
9.93333333333331,263.198800321682,-16.691412931189,4.38079,N,R
9.96666666666664,263.049370431337,-17.1254079863126,4.37819,N,R
9.99999999999998,262.571129241038,-17.2832730042895,4.37819,N,R
10.0333333333333,262.09879256245,-17.1192667176408,4.36779,N,R
10.0666666666666,262.0212630422,-17.3352746422404,4.36519,N,R
10.1,262.115295991205,-17.3693011686768,4.36519,R,R
10.1333333333333,261.619100953454,-17.2711037424842,4.34959,B,R
10.1666666666666,261.595015138123,-16.7710028791578,4.31839,B,R
10.2,261.502677007883,-16.7326144733078,4.31839,B,R
10.2333333333333,260.965305140472,-15.6807321243185,4.26639,L,R
10.2666666666666,260.998304131183,-15.6117153393166,4.22479,L,R
10.3,260.719112935266,-14.8575187295908,4.20139,B,R
10.3333333333333,260.756525172886,-14.7907911155454,4.18839,L,R
10.3666666666666,260.756525172886,-14.7907911155454,4.18839,L,R
10.4,260.543242120707,-13.9606981450578,4.19099,R,R
10.4333333333333,260.099176535762,-13.5291720667409,4.17799,R,R
10.4666666666666,259.542176938008,-12.3105759695446,4.15459,R,R
10.5,259.582669924713,-12.245671670552,4.12599,R,R
10.5333333333333,259.582669924713,-12.245671670552,4.12599,R,R
10.5666666666666,259.832551550969,-12.4116812270832,4.12599,R,R
10.6,259.538966489385,-12.4921676334816,4.09999,R,R
10.6333333333333,260.293777254393,-12.4614803555291,4.06619,R,R
10.6666666666666,260.373615091154,-12.5216959666394,4.05839,R,R
10.7,260.182057826601,-12.2784716578278,4.05579,R,R
10.7333333333333,260.196245797915,-12.0962418538165,4.05839,R,R
10.7666666666666,260.209959924318,-11.9139757770578,4.06619,R,R
10.8,260.348154751816,-11.7307479416922,4.07139,R,R
10.8333333333333,260.737188137158,-11.5437739459338,4.06879,R,R
10.8666666666666,260.794911978401,-11.3001795942913,4.06619,R,R
10.9,260.626047507095,-10.6937218131305,4.05579,R,R
10.9333333333333,260.388425642786,-10.5105938534885,4.05579,R,R
10.9666666666666,260.733630737827,-10.3903048583221,4.00899,N,R
11,260.657365928818,-10.3256234938738,4.00899,B,R
11.0333333333333,260.424485615184,-9.827188934958,3.95699,B,R
11.0666666666666,260.197474003222,-9.19307401790086,3.90239,B,F
11.1,260.225797914107,-8.88997666378475,3.88679,B,F
11.1333333333333,259.989314263396,-8.97210907484479,3.88939,B,F
11.1666666666666,259.484513976491,-9.44030659762836,3.91799,B,F
11.2,259.086972458598,-9.69058992018771,3.96739,B,R
11.2333333333333,258.282865799269,-9.67744722551894,4.00379,B,R
11.2666666666666,258.033946024964,-9.96786966948633,4.02459,B,R
11.3,257.674124501035,-10.5633196849512,4.00379,B,R
11.3333333333333,257.474988681591,-10.7956576401251,3.94659,B,R
11.3666666666666,257.3010155075,-11.2651406906143,3.86339,B,F
11.4,256.862074006562,-12.8505300304151,3.80099,B,F
11.4333333333333,256.98780775093,-13.5122150200644,3.74899,B,F
11.4666666666666,256.485272386954,-13.8615031646578,3.72299,B,F
11.5,256.229549394352,-14.0295559868735,3.73599,B,F
11.5333333333333,255.849274255613,-14.286600377703,3.75419,B,F
11.5666666666666,254.565442070341,-14.455512100386,3.76719,B,F
11.6,253.821298905721,-14.9930760040745,3.77759,B,F
11.6333333333333,253.636670816245,-15.1293944495488,3.81139,B,F
11.6666666666666,253.156894949412,-15.5093406531161,3.82959,B,F
11.7,253.097797228239,-15.5579174927833,3.82439,B,F
11.7333333333333,252.919748666431,-15.7027241212174,3.82959,B,F
11.7666666666666,252.565162339388,-15.994185159221,3.82699,N,F
11.8,251.778955680131,-16.1203253151565,3.82179,N,F
11.8333333333333,251.481581585443,-16.3608973372379,3.82179,N,F
11.8666666666666,250.886833396066,-16.8420413814006,3.83479,N,F
11.9,250.886833396066,-16.8420413814006,3.83479,N,F
11.9333333333333,250.09152321082,-16.7227017013097,3.82439,N,F
11.9666666666666,249.735426087206,-17.0123149581778,3.82699,N,F
12,249.616978445077,-17.1091610013292,3.81659,N,F
12.0333333333333,249.318357402001,-17.3481834325607,3.80099,N,F
12.0666666666666,249.195829272199,-17.1901111155431,3.80099,N,F
12.1,249.374813045051,-16.6718005821219,3.78539,N,F
12.1333333333333,249.01234545953,-16.4437079486457,3.75159,L,F
12.1666666666666,249.01234545953,-16.4437079486457,3.75159,L,F
12.2,248.752996122725,-15.4049374391014,3.72299,L,F
12.2333333333333,248.752996122725,-15.4049374391014,3.70739,L,F
12.2666666666666,248.612869984353,-15.6123860239238,3.71519,L,F
12.3,248.163074462881,-15.9029789331004,3.72559,L,F
12.3333333333333,248.383619735076,-16.2366850656668,3.72559,L,F
12.3666666666666,248.586795047662,-16.821602831131,3.73339,L,F
12.4,248.142362518243,-17.1203334401997,3.73859,L,F
12.4333333333333,247.509686620332,-17.5503871673109,3.73599,L,F
12.4666666666666,246.939273912223,-17.9359537535551,3.72819,L,F
12.5,246.667711496336,-18.3565900029176,3.71779,L,F
12.5333333333333,246.860156550815,-18.2315494054841,3.71259,L,F
12.5666666666666,246.376194015338,-18.1858710270755,3.71519,L,F
12.6,246.387552028155,-16.5117757503529,3.74119,L,F
12.6333333333333,246.331121017827,-16.4292194600212,3.74119,L,F
12.6666666666666,245.823241924872,-15.6862128470363,3.74119,L,F
12.7,245.843415580199,-15.3090348073378,3.73599,L,F
12.7333333333333,245.780036390409,-15.3518755391427,3.72039,N,F
12.7666666666666,246.000169718295,-14.8496581380564,3.69179,N,F
12.8,246.182875731752,-14.8549033879625,3.67359,N,F
12.8333333333333,245.244532117676,-14.014773926556,3.66319,N,F
12.8666666666666,245.244532117676,-14.014773926556,3.66059,N,F
12.9,245.17810587161,-14.0527186736713,3.66059,N,F
12.9333333333333,244.978827133414,-14.1665529150173,3.63979,N,F
12.9666666666666,244.978827133414,-14.1665529150173,3.63979,N,F
13,245.284949596075,-14.5692206289629,3.63979,N,F
13.0333333333333,245.371567459939,-14.4082661457705,3.59299,N,F
13.0666666666666,244.878105228817,-14.0918312765534,3.54359,N,F
13.1,244.82327965488,-13.5718282415214,3.48119,N,F
13.1333333333333,244.634687899474,-13.9566257854233,3.38239,N,F
13.1666666666666,244.090790368944,-13.9872154288112,3.30439,N,F
13.2,243.939813372712,-14.0120135458552,3.25499,N,F
13.2333333333333,243.939813372712,-14.0120135458552,3.20819,N,F
13.2666666666666,243.634491708545,-14.0323772731747,3.16659,N,F
13.3,243.422559728545,-14.737894874552,3.14839,L,F
13.3333333333333,243.425958375578,-15.237883323617,3.14839,L,F
13.3666666666666,243.431396210832,-16.0378648421208,3.19779,L,F
13.4,243.437012987953,-16.137706976587,3.19779,L,F
13.4333333333333,243.301104853585,-16.4458270489817,3.23939,L,F
13.4666666666666,243.281576548236,-16.2467827190192,3.29919,L,F
13.5,243.130472643582,-16.2707954239511,3.37719,L,F
13.5333333333333,242.46535193311,-16.1219383095723,3.44479,L,F
13.5666666666666,242.46535193311,-16.1219383095723,3.44479,L,F
13.6,241.924420517513,-16.1863856029227,3.48379,L,F
13.6333333333333,241.736829872034,-16.5716721842212,3.50979,L,F
13.6666666666666,241.451338696512,-16.6818120439418,3.52539,L,F
13.7,241.563671970898,-16.9599868728995,3.52539,L,F
13.7333333333333,241.750894094875,-17.423611587829,3.52539,L,F
13.7666666666666,241.538090350723,-17.5095465427346,3.52539,L,F
13.8,241.721358206493,-17.7590763867238,3.52279,L,F
13.8333333333333,241.653746996795,-18.0016412735543,3.52279,L,F
13.8666666666666,241.653746996795,-18.0016412735543,3.52279,N,F
13.9,241.616543783142,-17.9088192885837,3.53059,N,F
13.9333333333333,241.899682459543,-17.7927654651835,3.52539,N,F
13.9666666666666,241.887819654923,-17.1504808523626,3.51499,N,F
14,242.172734245923,-17.0388579343072,3.48379,N,F
14.0333333333333,242.388927744924,-16.9618474091181,3.44479,N,F
14.0666666666666,242.113446791605,-17.3623676887027,3.39539,N,F
14.1,241.942789939328,-17.9231815961363,3.35379,N,F
14.1333333333333,241.984911632844,-18.1186956952068,3.35379,R,F
14.1666666666666,241.886924284708,-18.7535726357278,3.34599,B,F
14.2,242.227149849462,-18.8872983441304,3.35899,B,F
14.2333333333333,242.353396086978,-18.0401278255729,3.39019,B,F
14.2666666666666,242.575840910551,-17.9836605743041,3.43179,B,F
14.3,242.661683308208,-18.2711168018666,3.43179,B,F
14.3333333333333,242.515080632151,-18.3148964246718,3.50719,B,F
14.3666666666666,242.264825573786,-17.6611591641742,3.50719,B,F
14.4,242.086071960669,-17.1942039781045,3.50719,B,F
14.4333333333333,242.193094921426,-16.6178515808068,3.54879,B,F
14.4666666666666,242.382151069909,-16.8630250351624,3.56179,B,F
14.5,242.812964930967,-16.8895894308784,3.55659,B,F
14.5333333333333,243.084565162353,-17.3163042821683,3.55659,B,F
14.5666666666666,243.065508452235,-17.6525271870982,3.56179,B,F
14.6,243.135353598849,-17.6213197281426,3.58259,B,F
14.6333333333333,243.135353598849,-17.6213197281426,3.58259,B,F
14.6666666666666,242.970494849495,-17.809712516649,3.60079,B,F
14.7,242.897737711613,-18.1803560770777,3.64499,B,F
14.7333333333333,242.629697401492,-18.3279717678108,3.66839,B,F
14.7666666666666,242.629697401492,-18.3279717678108,3.66839,N,F
14.8,242.547717630881,-18.4913373615277,3.69699,N,F
14.8333333333333,242.442261438184,-18.321399162697,3.69699,N,F
14.8666666666666,242.06089149904,-17.8519215599114,3.70999,N,F
14.9,241.770463870105,-17.6814492972073,3.72299,B,F
14.9333333333333,241.450810129353,-17.891515324977,3.74899,B,F
14.9666666666666,241.764894731838,-17.6732102346061,3.76979,B,F
15,241.681113787411,-18.5992365589355,3.78019,B,F
15.0333333333333,241.373992057621,-18.8272332542856,3.78279,B,F
15.0666666666666,241.616234297918,-18.8959915048138,3.78019,B,F
15.1,241.301843101001,-19.6275586072051,3.78019,L,F
15.1333333333333,240.743571887034,-20.4156304641163,3.76459,L,F
15.1666666666666,240.370802730038,-20.683444122454,3.75679,B,F
15.2,240.481464182417,-20.9725916504693,3.75419,B,F
15.2333333333333,240.418875147473,-21.0165787247624,3.76199,B,F
15.2666666666666,240.302603446205,-20.8538492207255,3.76199,B,F
15.3,240.045410935709,-21.2834222791741,3.80359,B,F
15.3333333333333,239.510246752048,-22.5879433777108,3.84519,B,F
15.3666666666666,238.486771146282,-22.8005972852732,3.89199,B,F
15.4,238.486771146282,-22.8005972852732,3.89199,B,F
15.4333333333333,237.678943566928,-23.2803249184509,3.90239,B,F
15.4666666666666,237.622295745158,-23.8865196266831,3.89199,B,F
15.5,237.218381955481,-24.1263834432719,3.85299,B,F
15.5333333333333,236.957224824063,-23.8234033239411,3.85299,B,F
15.5666666666666,236.435720293665,-24.2729200363936,3.82179,B,F
15.6,236.05835241589,-23.8064508682551,3.82179,B,F
15.6333333333333,235.628349373894,-23.6398146360783,3.82179,B,F
15.6666666666666,235.565454727598,-23.5620697747219,3.84259,B,F
15.7,234.688536032226,-24.302184530491,3.86339,B,F
15.7333333333333,234.886756490681,-24.5273703423218,3.88419,N,F
15.7666666666666,234.661321789274,-24.7342886725908,3.91019,N,F
15.8,234.661321789274,-24.7342886725908,3.94139,N,R
15.8333333333333,234.431600483092,-25.2577276580383,3.97259,N,R
15.8666666666666,234.019027138872,-25.7097533604481,3.99859,N,R
15.9,233.668429900525,-26.1145271571085,4.01419,L,R
15.9333333333333,233.493475391485,-26.1674414251898,4.02199,B,R
15.9666666666666,233.493475391485,-26.1674414251898,4.02199,B,R
16,233.493475391485,-26.1674414251898,4.02199,B,R
16.0333333333333,233.501517897436,-26.471753055099,4.04799,B,R
16.0666666666666,232.80925222023,-26.7069385822097,4.08179,B,R
16.1,232.49350608091,-27.1394482647656,4.09219,B,R
16.1333333333333,232.49350608091,-27.1394482647656,4.09219,B,R
16.1666666666666,232.737634928696,-27.3138073932302,4.08959,B,R
16.2,233.212447714689,-26.9955102549185,4.07399,B,R
16.2333333333333,233.064817031451,-27.3622682560129,4.09219,B,R
16.2666666666666,232.931432298176,-27.5490268245688,4.09219,B,R
16.3,232.709124409383,-27.8602911054952,4.09999,B,R
16.3333333333333,232.608930734602,-28.3508440868682,4.11299,B,R
16.3666666666666,232.393144763932,-28.6666647082055,4.11559,B,R
16.4,232.217901715088,-29.102521191273,4.10779,B,R
16.4333333333333,232.306082880463,-30.5581929716113,4.10259,B,R
16.4666666666666,232.388059196351,-30.6154632399311,4.10259,B,R
16.5,231.961236032987,-30.8771939932177,4.09739,B,R
16.5333333333333,231.652275190265,-31.3145764890545,4.11559,B,R
16.5666666666666,231.863967536944,-31.1809478979615,4.15199,B,R
16.6,230.932220115163,-30.5962712847776,4.15199,B,R
16.6333333333333,230.383332647911,-30.3421555664649,4.16499,B,R
16.6666666666667,230.577134907213,-31.1770116524397,4.17279,B,R
16.7,230.498524732389,-31.3082726154641,4.17539,B,R
16.7333333333333,230.420256101386,-31.4397375210509,4.19879,B,R
16.7666666666667,230.269913690311,-31.7062579882428,4.20919,N,R
16.8,230.269913690311,-31.7062579882428,4.20919,N,R
16.8333333333333,230.269913690311,-31.7062579882428,4.22219,N,R
16.8666666666667,230.547143033587,-32.461177945077,4.24299,N,R
16.9,229.660646766787,-32.4404265848737,4.24559,N,R
16.9333333333333,229.522937573807,-32.7136886901291,4.25079,N,R
16.9666666666667,229.318508011887,-33.1246504331338,4.25079,N,R
17,229.037224933322,-33.2410552427975,4.24299,N,R
17.0333333333333,229.037224933322,-33.2410552427975,4.24299,N,R
17.0666666666667,228.695119179124,-32.8102027124063,4.21959,N,R
17.1,227.902208260795,-32.3844184059849,4.20399,N,R
17.1333333333333,227.190513026818,-31.8126676788896,4.17019,N,R
17.1666666666667,227.49366784663,-32.0846040781162,4.14939,N,R
17.2,228.12355263867,-32.2107603255123,4.11819,R,R
17.2333333333333,228.080724479986,-32.2741480122009,4.09479,R,R
17.2666666666667,228.148107554901,-32.6973448000136,4.06619,R,R
17.3,228.866648085746,-33.2392853000062,4.06619,R,R
17.3333333333334,228.71616121001,-33.6048806367259,4.04539,R,R
17.3666666666667,228.226826188697,-34.3879995529296,4.02719,R,R
17.4,227.839536007664,-34.8618669559822,4.01419,R,R
17.4333333333334,227.697673077994,-35.3420293339185,4.00379,R,R
17.4666666666667,227.702679094154,-35.9508445273904,3.99339,R,R
17.5,227.400367111976,-36.2962261502828,3.95959,R,R
17.5333333333334,226.606113533502,-36.7052292102727,3.92319,R,F
17.5666666666667,226.388918022793,-36.9207799238603,3.89459,R,F
17.6,226.109829775086,-37.1823444474322,3.87379,R,F
17.6333333333334,226.159614462797,-37.8099014049026,3.86599,R,F
17.6666666666667,226.04503292697,-37.9112920930725,3.87899,R,F
17.7,226.119428512001,-36.6278633662131,3.91019,R,F
17.7333333333334,225.60688029619,-36.4279519446569,3.93619,R,R
17.7666666666667,225.106771983507,-36.794606653594,3.95959,N,R
17.8,225.159073814867,-36.7387786280477,3.95959,N,R
17.8333333333334,224.940140381352,-36.5336734070284,3.95959,N,R
17.8666666666667,225.379231012043,-36.2112456352107,3.93359,R,R
17.9,225.755379648317,-35.8300993989315,3.89979,L,F
17.9333333333334,225.533200172276,-36.0405091905917,3.87899,L,F
17.9666666666667,225.929588514286,-35.6804584548353,3.84779,L,F
18.0000000000001,226.245358599513,-34.7539534611759,3.82959,L,F
18.0333333333334,226.096353247643,-33.9703058011181,3.80879,L,F
18.0666666666667,226.695522463885,-33.3710408344233,3.80879,L,F
18.1000000000001,227.536856146247,-32.7083202032958,3.82699,L,F
18.1333333333334,227.283663876571,-32.3986531650501,3.82699,L,F
18.1666666666667,227.057101457121,-31.0338448561316,3.86079,L,F
18.2000000000001,227.245693418595,-30.2041067516269,3.90759,L,F
18.2333333333334,227.411092071827,-30.0450044716014,3.94659,L,R
18.2666666666667,227.489766623073,-28.9532478297685,3.98819,L,R
18.3000000000001,227.743186515801,-28.666743714668,4.00899,L,R
18.3333333333334,227.411343714561,-28.2849943135353,4.02719,L,R
18.3666666666667,227.566058733098,-29.2018406818212,4.03499,L,R
18.4000000000001,227.41021761517,-29.0764869983374,4.03499,L,R
18.4333333333334,227.452188156332,-29.5029544339929,4.00379,L,R
18.4666666666667,227.585408571764,-30.423169800585,3.96739,N,R
18.5000000000001,227.710782217291,-30.4347326292656,3.91019,N,F
18.5333333333334,227.62146450959,-31.7730347614805,3.83219,N,F
18.5666666666667,228.576961164091,-32.9293332278103,3.83219,N,F
18.6000000000001,228.282105055177,-33.1729848747082,3.76459,N,F
18.6333333333334,226.988755977432,-33.7327858778281,3.72299,N,F
18.6666666666668,226.08471397812,-34.4465535665627,3.69439,N,F
18.7000000000001,226.242234974275,-34.7018712819108,3.69439,N,F
18.7333333333334,226.242234974275,-34.7018712819108,3.69439,N,F
18.7666666666668,226.252723069035,-33.9903965811179,3.74379,N,F
18.8000000000001,225.856204809102,-33.4135315453078,3.74379,N,F
18.8333333333334,226.165956015065,-32.1085087714052,3.82179,N,F
18.8666666666668,226.103061368769,-32.0307639100487,3.82179,N,F
18.9000000000001,226.103061368769,-32.0307639100487,3.87639,N,F
18.9333333333334,225.571650874252,-32.2413894932938,3.88679,N,F
18.9666666666668,225.414566608288,-32.522388663019,3.86339,N,F
19.0000000000001,224.943401101091,-31.8713469478976,3.81139,N,F
19.0333333333334,224.879207658443,-31.6670641734868,3.75159,N,F
19.0666666666668,224.974410814987,-30.868505090523,3.68919,N,F
19.1000000000001,224.439585809126,-30.7261377378563,3.63459,N,F
19.1333333333334,224.22301500024,-30.1613817421036,3.57999,N,F
19.1666666666668,224.22301500024,-30.1613817421036,3.57999,N,F
19.2000000000001,224.164933960471,-29.8572783997686,3.57219,N,F
19.2333333333334,224.901843507016,-29.6288285798736,3.54879,N,F
19.2666666666668,224.80095738576,-29.781245739465,3.53579,N,F
19.3000000000001,223.882730429319,-30.1632005881888,3.53839,N,F
19.3333333333335,223.902941696331,-30.805276716608,3.55399,N,F
19.3666666666668,223.472348140749,-30.7753528149343,3.59559,N,F
19.4000000000001,222.672234931855,-31.0545321532688,3.62679,N,F
19.4333333333335,222.672234931855,-31.0545321532688,3.62679,N,F
19.4666666666668,223.281270277326,-30.7334275005973,3.65799,N,F
19.5000000000001,223.815541545586,-29.9700950291858,3.68399,N,F
19.5333333333335,223.750021310923,-30.0095836205719,3.69699,N,F
19.5666666666668,223.270465254145,-30.5425547627623,3.69179,N,F
19.6000000000001,222.748783384879,-30.8625423051424,3.67099,N,F
19.6333333333335,222.748783384879,-30.8625423051424,3.67099,N,F
19.6666666666668,222.484671242838,-31.0170763674929,3.63199,N,F
19.7000000000001,221.842865478616,-31.9265353335886,3.58519,N,F
19.7333333333335,221.530871179799,-32.5176527563615,3.55659,N,F
19.7666666666668,221.110832297609,-32.7027158197983,3.51239,N,F
19.8000000000001,220.712237722331,-31.6774732316469,3.51239,N,F
19.8333333333335,220.997441569581,-31.5665914679788,3.47339,N,F
19.8666666666668,220.899718708615,-31.2829539485202,3.47339,N,F
19.9000000000001,220.639124412706,-30.5265872299639,3.47339,N,F
19.9333333333335,220.414962716835,-30.8153562277882,3.46299,N,F
19.9666666666668,220.238207825701,-30.7688083120423,3.47339,B,F
20.0000000000002,220.086373697293,-31.0326579803203,3.50199,B,F
20.0333333333335,220.52011076553,-30.014278308667,3.53579,B,F
20.0666666666668,220.449477922727,-30.0436594508765,3.57739,B,F
20.1000000000002,220.657527416972,-29.9467798454669,3.59299,B,F
20.1333333333335,220.657527416972,-29.9467798454669,3.59299,B,F
20.1666666666668,220.451014498222,-30.0468931032766,3.58519,B,F
20.2000000000002,220.408095357505,-29.9565717472192,3.58519,B,F
20.2333333333335,219.345481100079,-30.5722233856609,3.57739,B,F
20.2666666666668,218.775605608793,-30.6169690494858,3.56699,L,F
20.3000000000002,218.88114700939,-31.7767825098146,3.55139,L,F
20.3333333333335,218.429827907572,-32.081858432061,3.53319,L,F
20.3666666666668,218.158240069737,-32.6267630533849,3.50979,L,F
20.4000000000002,217.408518712724,-32.8088149329081,3.50979,L,F
20.4333333333335,216.657569270634,-32.5626058034577,3.53059,L,F
20.4666666666668,216.293510919019,-32.2795302541436,3.55659,L,F
20.5000000000002,215.461858844714,-32.0995661541027,3.58779,L,F
20.5333333333335,215.29798196233,-32.2888136571775,3.61379,L,F
20.5666666666668,215.025075397427,-31.7544710640475,3.61379,L,F
20.6000000000002,215.025075397427,-31.7544710640475,3.61379,L,F
20.6333333333335,215.252497534846,-32.1997565583225,3.61379,L,F
20.6666666666669,214.525922222324,-32.7954178003339,3.59039,L,F
20.7000000000002,214.27824645493,-33.6916324589093,3.56959,L,F
20.7333333333335,214.718842709732,-35.5790066110726,3.56439,L,F
20.7666666666669,214.525985014375,-35.3368121451131,3.57479,L,F
20.8000000000002,213.148661669719,-35.0924013142013,3.57739,L,F
20.8333333333335,212.853168319886,-34.4578276934099,3.58259,N,F
20.8666666666669,212.895852480276,-34.5482603338214,3.60859,N,F
20.9000000000002,212.895852480276,-34.5482603338214,3.60859,N,F
20.9333333333335,211.461369869242,-35.2715181638117,3.61639,N,F
20.9666666666669,211.689948978956,-35.7162108561316,3.61639,N,F
21.0000000000002,211.827096444784,-35.9830264715235,3.61639,N,F
21.0333333333335,211.461369869242,-35.2715181638117,3.61379,N,F
21.0666666666669,211.324916586791,-35.0043468672467,3.61379,N,F
21.1000000000002,211.052401864295,-35.1435292153471,3.63459,N,F
21.1333333333335,211.092528673891,-34.8949354922735,3.65279,N,F
21.1666666666669,210.189570177496,-35.6307494659022,3.66839,L,F
21.2000000000002,209.594415843229,-35.9769048766699,3.65019,L,F
21.2333333333335,209.204853756158,-35.2781621627065,3.65019,L,F
21.2666666666669,209.497025321461,-35.802219198179,3.62679,L,F
21.3000000000002,209.226342945697,-35.9449323771442,3.61899,L,F
21.3333333333336,208.994661333373,-35.1640785940892,3.59819,L,F
21.3666666666669,208.994661333373,-35.1640785940892,3.59819,L,F
21.4000000000002,208.602198390438,-35.5796902979942,3.60079,L,F
21.4333333333336,208.053596360661,-35.8509462894945,3.60859,L,F
21.4666666666669,206.943590203994,-35.1786973905286,3.61899,L,F
21.5000000000002,207.147430673862,-35.0732492381311,3.65019,L,F
21.5333333333336,206.903954369443,-34.636535041904,3.66579,L,F
21.5666666666669,206.692140466687,-35.7985848990959,3.67619,L,F
21.6000000000002,206.267429392759,-36.282490368875,3.67879,L,F
21.6333333333336,205.449629775667,-37.0023825735032,3.67879,L,F
21.6666666666669,204.529484135525,-37.5504455269378,3.66839,L,F
21.7000000000002,203.53756024508,-38.1273712115505,3.66839,L,F
21.7333333333336,203.53756024508,-38.1273712115505,3.66839,N,F
21.7666666666669,203.008534170177,-38.4350649100106,3.66579,N,F
21.8000000000002,203.074762206366,-38.3967752609842,3.67879,N,F
21.8333333333336,202.877588140621,-38.5142173224345,3.68919,N,F
21.8666666666669,202.132633502781,-39.2027467971565,3.68919,N,F
21.9000000000002,201.675435439207,-39.481548125461,3.69179,N,F
21.9333333333336,201.139655290284,-38.7543673487488,3.69439,N,F
21.9666666666669,200.629295245734,-38.3642354801107,3.69699,B,F
22.0000000000003,200.312926667643,-37.8544208836184,3.70999,B,F
22.0333333333336,200.38804146431,-37.6877872515938,3.71259,B,F
22.0666666666669,200.516769904846,-37.6050951201838,3.71519,B,F
22.1000000000003,200.368275324575,-37.9391390688345,3.70999,B,F
22.1333333333336,199.62715891564,-38.7684685982781,3.68139,R,F
22.1666666666669,199.518856830938,-39.1830848768409,3.66319,R,F
22.2000000000003,199.535681813673,-39.5194268456107,3.63199,R,F
22.2333333333336,198.970510082308,-38.4608519006651,3.59559,R,F
22.2666666666669,198.814047150439,-38.314661610458,3.57999,R,F
22.3000000000003,198.414085489995,-38.7230620514162,3.58259,R,F
22.3333333333336,197.610410660542,-38.9918166206855,3.58519,B,F
22.3666666666669,197.229320524341,-39.6157671861075,3.58519,B,F
22.4000000000003,197.324593058391,-39.459779544752,3.60599,B,F
22.4333333333336,197.555827502204,-38.8965641046275,3.62159,B,F
22.4666666666669,196.955517633839,-37.7434691120342,3.62159,B,F
22.5000000000003,196.070577328626,-37.8659554631505,3.60079,B,F
22.5333333333336,195.433329549993,-37.9579297455734,3.57219,B,F
22.5666666666669,195.363812732293,-37.9898618932753,3.48899,B,F
22.6000000000003,195.363812732293,-37.9898618932753,3.48899,B,F
22.6333333333336,194.954758613822,-38.8824463308287,3.41099,B,F
22.666666666667,195.131052589337,-37.7963517519834,3.37199,B,F
22.7000000000003,195.480608868025,-37.6116448002206,3.36679,B,F
22.7333333333336,194.392398217621,-36.6298506108175,3.38759,B,F
22.766666666667,192.478095018712,-33.0894447707129,3.42139,B,F
22.8000000000003,192.036944875536,-33.2162026153472,3.41879,B,F
22.8333333333336,192.421880623342,-33.7304931169717,3.44999,R,F
22.866666666667,191.680787938401,-34.1764795319302,3.48119,R,F
22.9000000000003,191.297841212211,-33.7814832599221,3.48119,R,F
22.9333333333336,191.497705689151,-34.3472165812472,3.48119,R,F
22.966666666667,191.081448216804,-33.8579314223517,3.46039,R,F
23.0000000000003,190.332151096618,-33.0521803282285,3.43959,R,F
23.0333333333336,190.185894357787,-33.0971021085425,3.42399,R,F
23.066666666667,189.598135581702,-33.2676413155732,3.40059,R,F
23.1000000000003,189.350678889819,-33.2297541720759,3.36939,R,F
23.1333333333336,189.454559852116,-33.0003685891106,3.35119,R,F
23.166666666667,188.99720452149,-32.6887079538866,3.34339,R,F
23.2000000000003,188.99720452149,-32.6887079538866,3.34339,R,F
23.2333333333336,188.917032310251,-32.2968247869284,3.34339,R,F
23.266666666667,188.487389428977,-32.4867931910641,3.35119,R,F
23.3000000000003,188.516596686525,-32.9917676321069,3.36159,R,F
23.3333333333337,188.644086381528,-32.8607890931474,3.37459,R,F
23.366666666667,188.585146702313,-31.9497813466303,3.39279,R,F
23.4000000000003,188.534963835265,-31.4464584583619,3.39279,N,F
23.4333333333337,188.089899235263,-31.2509495024928,3.37719,N,F
23.466666666667,187.722325299244,-31.0306646833166,3.35119,N,F
23.5000000000003,187.66430081918,-31.8609076656497,3.31219,N,F
23.5333333333337,186.6088479579,-32.0427324648804,3.29659,N,F
23.566666666667,186.287866905749,-30.9795390844645,3.29659,N,F
23.6000000000003,186.665781472964,-30.9204896993156,3.32779,N,F
23.6333333333337,186.816136913615,-30.8921658318786,3.36419,N,F
23.666666666667,187.233352346828,-31.002789212271,3.39019,N,F
23.7000000000003,186.714314425159,-31.1345461318982,3.41359,N,F
23.7333333333337,186.640626854389,-31.1550983073073,3.41359,N,F
23.766666666667,186.506298910539,-30.6734801977008,3.41359,N,F
23.8000000000003,186.405745750999,-30.5977087511887,3.40319,N,F
23.8333333333337,186.531367852117,-30.7711196438991,3.40839,N,F
23.866666666667,186.689553921946,-31.3498917642644,3.40839,N,F
23.9000000000003,185.946319878912,-31.2420242192104,3.41099,N,F
23.9333333333337,185.798838364309,-31.2827452561597,3.40059,N,F
23.966666666667,185.426210863723,-31.0711211889855,3.38239,N,F
24.0000000000004,186.466310516058,-30.8157122752563,3.36679,N,F
24.0333333333337,186.853903526027,-31.1372828874448,3.35899,N,F
24.066666666667,185.969087533682,-31.7423704097836,3.32779,N,F
24.1000000000004,185.553917481352,-32.4311331248373,3.30439,N,F
24.1333333333337,185.138953431998,-33.208670961694,3.24979,N,F
24.166666666667,185.192946614455,-33.705747149263,3.24979,N,F
24.2000000000004,185.333791090101,-34.2939776174299,3.20299,N,F
24.2333333333337,185.791926230799,-34.2658139376741,3.17699,N,F
24.266666666667,185.78838723531,-34.1658765797396,3.16659,N,F
24.3000000000004,184.039434830978,-34.6097298633611,3.16139,N,F
24.3333333333337,183.178303678988,-33.6265842032108,3.15879,N,F
24.366666666667,182.872348927428,-33.6318463318254,3.15879,N,F
24.4000000000004,183.713724494219,-33.6173754781352,3.16919,N,F
24.4333333333337,183.858388081444,-33.313267854865,3.18479,N,F
24.466666666667,183.458971335222,-32.9301588457861,3.19779,N,F
24.5000000000004,182.901849596669,-32.5608681494077,3.21339,N,F
24.5333333333337,182.527508607827,-32.6880494140365,3.21859,N,F
24.566666666667,182.344841350442,-33.3039251507558,3.21859,N,F
24.6000000000004,182.085252805065,-32.9227637189334,3.21339,N,F
24.6333333333337,182.652634688845,-32.2804072774167,3.21339,N,F
24.6666666666671,183.026975677687,-32.153226012788,3.19519,N,F
24.7000000000004,183.032332846567,-32.253082413392,3.19519,N,F
24.7333333333337,183.026975677687,-32.153226012788,3.19519,N,F
24.7666666666671,182.563277630035,-32.0779590173423,3.18739,N,F
24.8000000000004,182.625963016957,-31.7747712994736,3.16919,N,F
24.8333333333337,183.303163310757,-31.355925251291,3.15359,N,F
24.8666666666671,183.907921031609,-30.7486262318042,3.13019,N,F
24.9000000000004,183.364474159676,-31.4424747364411,3.11199,R,F
24.9333333333337,182.896795760696,-31.7287576649007,3.08859,R,F
24.9666666666671,182.362047769686,-31.7003880313049,3.07039,R,F
25.0000000000004,182.369162020162,-31.6006414151209,3.05999,R,F
25.0333333333337,182.546106525357,-31.3141110640561,3.07559,R,F
25.0666666666671,181.92224813623,-31.473311284898,3.11979,R,F
25.1000000000004,181.686262403248,-31.7682366717823,3.17179,R,F
25.1333333333337,181.686262403248,-31.7682366717823,3.21599,B,F
25.1666666666671,181.230491742883,-30.7994336189635,3.25759,R,F
25.2000000000004,181.91436491828,-30.7197484260296,3.30439,B,F
25.2333333333337,182.140830412627,-30.6825512504636,3.33559,L,F
25.2666666666671,182.160108691303,-30.7806753961735,3.33559,L,F
25.3000000000004,181.671162305143,-30.6729144038773,3.28619,L,F
25.3333333333338,181.444057365754,-30.70598397456,3.24719,L,F
25.3666666666671,181.621871430181,-29.4804154703581,3.18999,L,F
25.4000000000004,181.774692278964,-29.4730135667309,3.12759,L,F
25.4333333333338,181.841383242044,-30.1740161098386,3.08339,L,F
25.4666666666671,181.841383242044,-30.1740161098386,3.08339,L,F
25.5000000000004,181.858834181574,-29.8745240987439,3.08339,L,F
25.5333333333338,182.111213489434,-29.4885513860247,3.10679,L,F
25.5666666666671,181.576037762114,-29.4699183270292,3.14059,L,F
25.6000000000004,181.19303662767,-29.9695345607668,3.17439,L,F
25.6333333333338,180.887201189805,-29.9795687496367,3.20819,L,F
25.6666666666671,180.794033809912,-28.5826722469122,3.20819,L,F
25.7000000000004,180.697738955322,-28.2884282138725,3.22899,L,F
25.7333333333338,180.604073708676,-28.0958689461894,3.23679,L,F
25.7666666666671,180.604073708676,-28.0958689461894,3.23679,L,F
25.8000000000004,180.423250382165,-27.8117705044659,3.24719,N,F
25.8333333333338,179.848572752775,-27.4704409389758,3.26279,N,F
25.8666666666671,179.848572752775,-27.4704409389758,3.26279,N,F
25.9000000000004,180.18330494127,-26.4222828583481,3.24199,R,F
25.9333333333338,179.0516061483,-26.6367918138529,3.20299,R,F
25.9666666666671,179.094557293897,-27.3354728563121,3.20299,B,F
26.0000000000005,179.106829049782,-27.5350960113004,3.19259,B,F
26.0333333333338,179.565232311745,-27.5116983741964,3.20819,B,F
26.0666666666671,179.565232311745,-27.5116983741964,3.20819,R,F
26.1000000000005,179.273220273277,-27.7316187447622,3.23939,R,F
26.1333333333338,179.300533966116,-27.2265383430602,3.25499,R,F
26.1666666666671,179.266587623918,-26.9284651207618,3.25499,R,F
26.2000000000005,179.210010386921,-26.4316764169311,3.22639,R,F
26.2333333333338,179.201540811009,-26.3320357310449,3.22639,R,F
26.2666666666671,179.252358266479,-26.9298798463623,3.22639,R,F
26.3000000000005,179.193071235097,-26.2323950451587,3.18219,R,F
26.3333333333338,179.197129854659,-26.3323126492495,3.18219,R,F
26.3666666666671,179.48258462537,-25.8203052529376,3.16139,R,F
26.4000000000005,179.48258462537,-25.8203052529376,3.13279,R,F
26.4333333333338,178.864446558214,-26.5148909783399,3.10939,R,F
26.4666666666671,178.886984519904,-25.8152539007898,3.10939,R,F
26.5000000000005,178.737283553195,-25.7103795923705,3.10679,R,F
26.5333333333338,178.726844864682,-26.0101979270036,3.13279,R,F
26.5666666666671,178.340838667956,-26.4068154582465,3.15879,R,F
26.6000000000005,177.871588641371,-25.8147973735988,3.19779,R,F
26.6333333333338,177.947967874238,-25.8105005391007,3.22899,N,F
26.6666666666672,178.938672148468,-25.7236944850445,3.26019,N,F
26.7000000000005,178.330971097234,-25.7961060333564,3.24459,N,F
26.7333333333338,177.393149156918,-26.3957061152951,3.21079,N,F
26.7666666666672,177.559611427593,-26.5846487320913,3.18739,N,F
26.8000000000005,177.559611427593,-26.5846487320913,3.18739,N,F
26.8333333333338,178.476648890651,-26.5426214629933,3.17179,N,F
26.8666666666672,178.779490107931,-26.4334280698035,3.17179,N,F
26.9000000000005,177.559067411642,-26.5703384141287,3.15619,R,F
26.9333333333338,177.406083712166,-26.5725717288141,3.15099,B,F
26.9666666666672,178.171989654603,-26.6653784491462,3.14839,B,F
27.0000000000005,178.556520006358,-26.9627715536048,3.12499,B,F
27.0333333333338,178.724440621529,-26.0654356817036,3.10159,B,F
27.0666666666672,178.56756382288,-26.1592369079528,3.08599,B,F
27.1000000000005,177.798188675579,-26.2165682494256,3.05479,B,F
27.1333333333338,177.264704825283,-26.1701437787984,3.03659,B,F
27.1666666666672,177.700214822367,-26.4171499375063,3.03139,B,F
27.2000000000005,177.701164693475,-25.7129828069579,3.03139,B,F
27.2333333333338,176.788733437002,-25.6120214172479,3.01059,B,F
27.2666666666672,175.7269103892,-25.4721185396668,2.98719,B,F
27.3000000000005,175.7269103892,-25.4721185396668,2.98719,B,F
27.3333333333339,175.791036383846,-24.0652436849584,2.92739,B,F
27.3666666666672,174.829540157314,-23.4467244804337,2.84939,B,F
27.4000000000005,175.083829174962,-21.5391152186864,2.77919,B,F
27.4333333333339,175.154733544998,-21.3521056726473,2.77919,B,F
27.4666666666672,175.512389301798,-21.4877102803414,2.78699,L,F
27.5000000000005,175.368908268925,-21.4345859619384,2.80259,L,F
27.5333333333339,175.158106654026,-21.5723236806494,2.83899,L,F
27.5666666666672,174.711098234676,-23.0041698571051,2.83899,L,F
27.6000000000005,173.466733103238,-23.1394904751215,2.83379,L,F
27.6333333333339,173.283989172105,-22.4518052959632,2.82599,L,F
27.6666666666672,172.44326088584,-22.8084678797507,2.81039,L,F
27.7000000000005,172.732630381911,-22.9079731295798,2.81039,L,F
27.7333333333339,172.992774825909,-22.151451571224,2.81039,L,F
27.7666666666672,172.992774825909,-22.151451571224,2.81039,L,F
27.8000000000005,173.307356114461,-21.9423849242124,2.82859,L,F
27.8333333333339,173.802830571442,-21.1567798628235,2.83119,L,F
27.8666666666672,173.10493362397,-20.8278956115911,2.82599,L,F
27.9000000000005,173.10493362397,-20.8278956115911,2.82599,L,F
27.9333333333339,172.523160613485,-20.6379372891322,2.82599,L,F
27.9666666666672,172.523160613485,-20.6379372891322,2.82599,L,F
28.0000000000006,172.273956792975,-20.6617638676358,2.83639,L,F
28.0333333333339,171.600093772684,-20.7640019715182,2.85719,N,F
28.0666666666672,171.684269017902,-20.4760531425701,2.85719,N,F
28.1000000000006,171.684269017902,-20.4760531425701,2.83899,N,F
28.1333333333339,171.8303173279,-20.5216480013437,2.82079,N,F
28.1666666666672,171.552398486531,-19.9024209689786,2.79479,N,F
28.2000000000006,170.836910322979,-19.8564977959918,2.78179,N,F
28.2333333333339,169.801648470893,-20.001262769712,2.78179,N,F
28.2666666666672,169.801648470893,-20.001262769712,2.78179,N,F
28.3000000000006,169.338014492225,-20.1473784219337,2.77659,N,F
28.3333333333339,168.945087379175,-20.3183880235064,2.77139,N,F
28.3666666666672,168.409684902319,-20.2178671909525,2.76879,N,F
28.4000000000006,168.846757301007,-19.1002949479609,2.78699,N,F
28.4333333333339,168.383889388624,-19.2488195105274,2.78959,N,F
28.4666666666672,167.777790533181,-19.3457959377198,2.78179,N,F
28.5000000000006,167.777790533181,-19.3457959377198,2.78179,N,F
28.5333333333339,168.098221664046,-19.1458105873258,2.75059,N,F
28.5666666666672,168.098221664046,-19.1458105873258,2.75059,N,F
28.6000000000006,167.815316280341,-19.0291892176265,2.74799,N,F
28.6333333333339,168.646949408169,-17.4255074098171,2.74799,N,F
28.6666666666673,167.684090351088,-17.3504978357782,2.78179,N,F
28.7000000000006,166.324846814756,-17.052863817329,2.84939,N,F
28.7333333333339,167.447545488377,-16.2418952986746,2.89879,N,F
28.7666666666673,168.28201829474,-15.4183668319893,2.92999,N,F
28.8000000000006,168.28201829474,-15.4183668319893,2.92999,B,F
28.8333333333339,168.73078056129,-15.5147692599729,2.89359,R,F
28.8666666666673,168.261277010151,-15.4990398140797,2.81559,L,F
28.9000000000006,168.043864753573,-15.4255404216375,2.70119,B,F
28.9333333333339,167.905464000747,-15.3603159506365,2.63099,B,F
28.9666666666673,167.505009383087,-15.1360012181844,2.59199,B,F
29.0000000000006,167.048371320699,-14.8562836285006,2.58419,B,F
29.0333333333339,167.353739633889,-14.2217740199842,2.58419,B,F
29.0666666666673,167.353739633889,-14.2217740199842,2.58419,B,F
29.1000000000006,167.353739633889,-14.2217740199842,2.58419,B,F
29.1333333333339,167.75769327023,-12.7060225694862,2.59459,B,F
29.1666666666673,168.017758056985,-12.2789788870716,2.61799,B,F
29.2000000000006,167.935256802717,-12.1158760267527,2.63359,B,F
29.2333333333339,167.133183839175,-11.6693304398809,2.63359,B,F
29.2666666666673,167.473687009992,-11.0577279622344,2.63359,B,F
29.3000000000006,167.990567317764,-9.97205443974387,2.62839,B,F
29.333333333334,166.773409154271,-9.17131212473773,2.61539,B,F
29.3666666666673,166.823634486961,-9.08484007170201,2.61539,B,F
29.4000000000006,166.985340334829,-9.87262904646947,2.63879,B,F
29.433333333334,166.985340334829,-9.87262904646947,2.63879,B,F
29.4666666666673,166.095080485586,-9.26890858066896,2.64659,B,F
29.5000000000006,166.095080485586,-9.26890858066896,2.65179,B,F
29.533333333334,166.330306362479,-8.82769572179016,2.65179,B,F
29.5666666666673,166.330306362479,-8.82769572179016,2.65179,B,F
29.6000000000006,166.127789660254,-8.71972704429635,2.67779,B,F
29.633333333334,166.03831920701,-8.89859861273667,2.71159,B,F
29.6666666666673,166.03831920701,-8.89859861273667,2.71159,B,F
29.7000000000006,166.03831920701,-8.89859861273667,2.71159,B,F
29.733333333334,166.080006528455,-8.80770214838991,2.71159,B,F
29.7666666666673,166.080006528455,-8.80770214838991,2.71159,N,F
29.8000000000006,165.190221595092,-9.27974745592059,2.75059,N,F
29.833333333334,165.190221595092,-9.27974745592059,2.75059,N,F
29.8666666666673,165.881360581727,-8.80751033205856,2.79219,N,F
29.9000000000006,166.189463535582,-7.96189069544525,2.79219,N,F
29.933333333334,165.901952859133,-7.85713569113466,2.79739,L,F
29.9666666666673,166.334030128454,-8.01202350000411,2.80519,B,F
30.0000000000007,166.57128893143,-7.56530153903712,2.80259,B,F
30.033333333334,166.066265950701,-7.38722279540167,2.79479,B,F
30.0666666666673,165.922374917017,-7.33521923374051,2.79479,B,F
30.1000000000007,165.960331177871,-7.45526744181531,2.77659,B,F
30.133333333334,165.996026355197,-7.36185516041888,2.77659,B,F
30.1666666666673,166.567709517343,-7.58030964565212,2.79219,B,F
30.2000000000007,166.601943178882,-7.48635190825064,2.83119,B,F
30.233333333334,166.601943178882,-7.48635190825064,2.86239,B,F
30.2666666666673,165.204729262931,-7.0857829091117,2.88839,B,F
30.3000000000007,165.500972485008,-7.16243767656357,2.92739,B,F
30.333333333334,165.308955442718,-7.32534395474282,2.95079,B,F
30.3666666666673,164.632950113146,-7.19477196544458,2.97159,B,F
30.4000000000007,163.803580909578,-7.05240281789855,2.98979,B,F
30.433333333334,164.257302449217,-7.12181293579929,3.01839,B,F
30.4666666666673,163.725861459873,-7.05600469281643,3.04439,B,F
30.5000000000007,163.316052138114,-7.31746706066248,3.05739,B,F
30.533333333334,163.316052138114,-7.31746706066248,3.05739,B,F
30.5666666666673,162.215205361627,-7.62597536638324,3.05739,B,F
30.6000000000007,161.224228824781,-7.54233474574903,3.04959,B,F
30.633333333334,161.224228824781,-7.54233474574903,3.04959,N,F
30.6666666666674,161.148052363145,-7.53530646767912,3.06519,N,F
30.7000000000007,160.842945045693,-7.51194999454371,3.08859,N,F
30.733333333334,160.384589624827,-7.48763316574736,3.09379,N,F
30.7666666666674,160.160130234408,-7.37678086738342,3.08599,N,F
30.8000000000007,160.154572833676,-7.47662632445138,3.08599,N,F
30.833333333334,159.450464659569,-7.73789999161965,3.08599,N,F
30.8666666666674,159.467136861763,-7.43836362041576,3.08599,N,F
30.9000000000007,160.078191059019,-7.47237491289187,3.10419,N,F
30.933333333334,159.619512082567,-7.45521109745831,3.10939,L,F
30.9666666666674,158.549067353915,-7.42072801607331,3.11199,L,F
31.0000000000007,158.090268454003,-7.40714238249897,3.11199,L,F
31.033333333334,158.013801970684,-7.40487811023659,3.10679,L,F
31.0666666666674,158.006842845009,-7.60475699999195,3.10679,L,F
31.1000000000007,157.384774753845,-7.88328041005867,3.08599,B,F
31.133333333334,157.597247875622,-8.1955710159411,3.06779,B,F
31.1666666666674,156.986913849719,-8.15044478382317,3.06779,B,F
31.2000000000007,156.452871577054,-8.11095933071997,3.05219,B,F
31.233333333334,156.551083541903,-7.01535246237691,3.05219,B,F
31.2666666666674,156.246305631255,-6.98803167942799,3.05219,B,F
31.3000000000007,154.982552186458,-7.37675166960643,3.05219,B,F
31.3333333333341,155.399238016531,-7.01250015071328,3.04959,B,F
31.3666666666674,155.362488850153,-7.41080844684893,3.04959,B,F
31.4000000000007,154.472102151468,-8.73460470262464,3.04179,B,F
31.4333333333341,154.6877133517,-7.34919355053496,3.02879,B,F
31.4666666666674,153.679801856706,-6.73181569357952,3.00539,B,F
31.5000000000007,152.620943568147,-7.6969805109803,2.98719,B,F
31.5333333333341,152.468458701499,-8.17926737109939,2.98459,B,F
31.5666666666674,152.577909604758,-7.48787710520339,2.98459,B,F
31.6000000000007,152.348612230027,-7.95780445484531,3.00279,B,F
31.6333333333341,151.914448021006,-8.30103570284656,3.01579,B,F
31.6666666666674,151.876193904562,-7.99380798180705,3.02619,B,F
31.7000000000007,150.964299980993,-7.88810333594081,3.02359,N,F
31.7333333333341,150.660427977793,-7.85207826590255,3.01579,N,F
31.7666666666674,150.255243761311,-7.3976481274721,3.01059,N,F
31.8000000000007,149.721799778594,-7.93254860167543,3.01059,N,F
31.8333333333341,149.606766794065,-8.21998496414582,3.03139,N,F
31.8666666666674,149.487688836192,-7.90497791668683,3.05219,N,F
31.9000000000007,149.478760475751,-8.00457854108165,3.03399,N,F
31.9333333333341,149.782990699676,-8.03744145103721,3.05479,B,F
31.9666666666674,149.656574849242,-7.72530681220461,3.05739,B,F
32.0000000000007,149.96990102555,-7.65139668272189,3.03659,B,F
32.0333333333341,148.828721128937,-7.53112742826699,3.00539,B,F
32.0666666666674,147.899967124457,-8.11038406324052,2.97419,B,F
32.1000000000007,146.893925338654,-7.63612577367803,2.93519,B,F
32.1333333333341,146.220039104158,-7.49502441664361,2.90399,B,F
32.1666666666674,146.290651097752,-7.20345290507112,2.90399,B,F
32.2000000000007,146.263375024697,-6.99106583898963,2.90399,B,F
32.2333333333341,145.445516934736,-6.79299919695818,2.91959,B,F
32.2666666666674,144.906023930157,-6.05612773733281,2.93519,B,F
32.3000000000007,145.042382251217,-5.77817331970662,2.95599,B,F
32.3333333333341,144.477800992992,-5.46867048795563,2.97159,B,F
32.3666666666674,143.748470700752,-5.64786193535308,2.98979,B,F
32.4000000000007,143.748470700752,-5.64786193535308,2.99759,B,F
32.4333333333341,143.648016866258,-6.34061660125983,2.99759,B,F
32.4666666666674,142.966643169863,-6.24181307976166,2.99759,B,F
32.5000000000007,142.379283659305,-6.56082570546376,3.01059,B,F
32.533333333334,141.544994121746,-6.45090201593577,3.01839,B,F
32.5666666666674,140.102511436382,-6.27227964212515,3.02359,B,F
32.6000000000007,140.043646942856,-6.76880252317078,3.02359,N,F
32.633333333334,140.137830132498,-5.97436591349776,3.02359,N,F
32.6666666666674,139.909926130098,-5.94734711096907,3.03399,N,F
32.7000000000007,139.952884182328,-5.54966054374728,3.05479,N,F
32.733333333334,139.545816182465,-5.81537071195267,3.06779,N,F
32.7666666666674,138.987097127939,-5.07215000576279,3.06779,N,F
32.8000000000007,138.507225906493,-5.33748867770517,3.07559,N,F
32.833333333334,137.830603723569,-6.2949469909358,3.09639,N,F
32.8666666666674,137.821566271259,-6.49474269773588,3.09639,N,F
32.9000000000007,137.817047545104,-6.59464055113592,3.10419,N,F
32.933333333334,137.591447450218,-6.48612858318978,3.11719,L,F
32.9666666666674,136.903152437306,-6.46932902363594,3.12499,L,F
33.0000000000007,136.760134658413,-5.86687162686792,3.13279,L,F
33.033333333334,136.987865258889,-6.068884061156,3.13019,B,F
33.0666666666674,136.762941141179,-5.66629321268544,3.11719,B,F
33.1000000000007,137.482956455354,-4.38347982120819,3.11199,B,F
33.133333333334,136.718291622167,-4.3608370985843,3.11199,B,F
33.1666666666673,136.036012938345,-4.1405462735335,3.11719,B,F
33.2000000000007,135.534832697185,-2.72789677140259,3.12759,B,F
33.233333333334,134.985382999222,-3.72030055989223,3.13279,B,F
33.2666666666673,134.985382999222,-3.72030055989223,3.13279,B,F
33.3000000000007,135.137496817536,-3.82164347418778,3.15619,B,F
33.333333333334,133.928224049733,-4.83940345230171,3.17959,B,F
33.3666666666673,133.419702322785,-5.5592408667373,3.20039,B,F
33.4000000000007,133.090725721417,-5.17791371617958,3.20299,B,F
33.433333333334,132.632590580719,-5.20607739593543,3.21079,B,F
33.4666666666673,132.098372129258,-5.24310301029985,3.21079,B,F
33.5000000000007,131.640470599435,-5.27483925118364,3.21079,B,F
33.533333333334,130.662179045551,-5.54312247018929,3.21599,B,F
33.5666666666673,129.517853267302,-5.62841469277705,3.23419,B,F
33.6000000000007,128.679958313808,-5.70622405538874,3.24459,B,F
33.633333333334,128.375579972805,-5.73768554817061,3.25239,B,F
33.6666666666673,128.375579972805,-5.73768554817061,3.25239,B,F
33.7000000000006,128.190346892497,-5.45644240432593,3.25239,B,F
33.733333333334,128.157175654542,-5.15828192912418,3.25239,N,F
33.7666666666673,127.320835521601,-5.25132725158802,3.26799,B,F
33.8000000000006,126.928527728599,-5.80520051827436,3.28879,B,F
33.833333333334,126.855194545408,-5.31060750958637,3.31219,B,F
33.8666666666673,126.101299644493,-5.44048236617973,3.34339,B,F
33.9000000000006,124.682518742117,-6.13902424112489,3.36679,L,F
33.933333333334,124.607950362615,-6.15610659396252,3.39799,B,F
33.9666666666673,123.745319627926,-6.48563992394547,3.43439,L,F
34.0000000000006,123.083949504289,-7.20724356138125,3.44739,L,F
34.033333333334,121.740727011169,-7.5264336833715,3.45519,L,F
34.0666666666673,121.586485746699,-7.05081867905089,3.45519,L,F
34.1000000000006,120.869867379962,-7.07296289849695,3.45779,L,F
34.133333333334,120.413043512532,-6.90677564222815,3.47079,B,F
34.1666666666673,120.727204926011,-7.11647270057823,3.48899,B,F
34.2000000000006,120.140245546735,-7.96712006410791,3.50199,B,F
34.233333333334,119.567562400498,-8.18293946549585,3.50719,B,F
34.2666666666673,119.067052283768,-6.87546494450072,3.52019,B,F
34.3000000000006,118.427309103356,-7.12994660025553,3.53059,B,F
34.3333333333339,117.734664921523,-8.06229540160261,3.55139,B,F
34.3666666666673,117.594333079233,-8.12325419128457,3.55399,B,F
34.4000000000006,117.874897864947,-8.76456799981947,3.55399,B,F
34.4333333333339,118.075301283313,-9.22264929163012,3.55399,B,F
34.4666666666673,117.574621290085,-9.22338711296656,3.54099,B,F
34.5000000000006,117.151746650494,-9.40187531759476,3.53059,B,F
34.5333333333339,116.742241145063,-10.2181702955416,3.53059,B,F
34.5666666666673,116.557678217727,-9.9695968137435,3.54099,B,F
34.6000000000006,116.338947366348,-9.84483377973492,3.55139,B,F
34.6333333333339,115.286458549173,-10.3020247023496,3.56699,B,F
34.6666666666673,115.286458549173,-10.3020247023496,3.56699,B,F
34.7000000000006,114.522661781559,-10.0991491301798,3.57999,N,F
34.7333333333339,113.157428787397,-11.5123139725282,3.58259,N,F
34.7666666666673,112.534800058163,-11.8061944168125,3.59559,N,F
34.8000000000006,112.259797489416,-11.9403942200271,3.61119,N,F
34.8333333333339,111.487102850579,-12.1082274560466,3.61119,R,F
34.8666666666673,110.73669474407,-12.4890291415531,3.60599,B,F
34.9000000000006,110.42317590538,-11.863164988732,3.60599,B,F
34.9333333333339,110.057576244986,-12.1581529347903,3.59819,B,F
34.9666666666672,108.159580725362,-12.9790690434689,3.59559,B,F
35.0000000000006,107.478007153345,-12.9778582883817,3.59559,R,F
35.0333333333339,108.035108238635,-13.5961694000141,3.57999,R,F
35.0666666666672,107.253106554535,-13.1896800199996,3.54359,R,F
35.1000000000006,106.259759199667,-14.3726381902563,3.50459,R,F
35.1333333333339,106.29526698503,-14.4661218635828,3.50459,R,F
35.1666666666672,106.330774770393,-14.5596055369093,3.50459,R,F
35.2000000000006,106.117228618847,-14.212834299406,3.51499,R,F
35.2333333333339,105.406669649188,-14.7060160109865,3.54099,R,F
35.2666666666672,103.887722091531,-15.2385951760762,3.57739,R,F
35.3000000000006,103.465588734626,-14.3320614320884,3.60859,R,F
35.3333333333339,103.060402275248,-13.5284297172237,3.60859,R,F
35.3666666666672,102.673838078722,-13.6113415496967,3.59819,R,F
35.4000000000006,102.365210468118,-12.9830510134216,3.56959,R,F
35.4333333333339,102.157685656033,-12.5281516263378,3.56959,R,F
35.4666666666672,100.974492350228,-13.0679236625698,3.50199,R,F
35.5000000000005,101.225569315277,-12.866438284386,3.43959,R,F
35.5333333333339,101.430000870754,-12.4898168044819,3.36939,R,F
35.5666666666672,100.535716310032,-12.6971308764929,3.30699,N,F
35.6000000000005,100.745619899598,-12.560709715791,3.27319,N,F
35.6333333333339,99.796191979872,-12.383761629493,3.23159,N,F
35.6666666666672,99.1866687613083,-12.4387656841778,3.20559,N,F
35.7000000000005,99.2054538526505,-11.5357156466144,3.20559,N,F
35.7333333333339,99.1670816505767,-10.9369439254151,3.20559,B,F
35.7666666666672,98.3273043115947,-10.9907609388235,3.21599,B,F
35.8000000000005,97.1066901481287,-11.0817393095838,3.24199,B,F
35.8333333333339,97.2088053190815,-10.5689220986194,3.25499,B,F
35.8666666666672,97.0034101988221,-10.7936065319335,3.26019,B,F
35.9000000000005,97.6111112500563,-10.7211949836216,3.22899,B,F
35.9333333333339,96.8839454902131,-11.1864421842705,3.16919,B,F
35.9666666666672,95.7396418225879,-11.3180680413792,3.09899,B,F
36.0000000000005,96.7545343410249,-10.8608772431117,3.04439,B,F
36.0333333333339,97.2860056931615,-11.7164952664481,3.00539,B,F
36.0666666666672,96.4443984836884,-11.0964780852645,2.98979,B,F
36.1000000000005,96.3687782270817,-11.0849097322811,2.98719,B,F
36.1333333333338,95.3425822978348,-10.2167633363334,2.98719,B,F
36.1666666666672,94.7378629112234,-10.1226439257085,2.99759,B,F
36.2000000000005,94.7378629112234,-10.1226439257085,2.99759,B,F
36.2333333333338,94.3880230643511,-9.86982317588699,3.01059,B,F
36.2666666666672,93.9329560438643,-9.80986479978081,3.02099,B,F
36.3000000000005,93.9570181449047,-9.6113175376654,3.02099,B,F
36.3333333333338,93.9690491954248,-9.5120439066077,3.02099,B,F
36.3666666666672,93.9690491954248,-9.5120439066077,3.02099,B,F
36.4000000000005,93.5615074309507,-9.05972686048924,3.01319,B,F
36.4333333333338,92.9545455989996,-8.98136019312023,2.98199,B,F
36.4666666666672,93.4871749044854,-8.56066193672062,2.95079,B,F
36.5000000000005,92.3802111735517,-7.83760779047894,2.93259,B,F
36.5333333333338,91.6859456438341,-7.79257864163107,2.91439,N,F
36.5666666666672,91.4623437211419,-7.74088308893723,2.89099,N,F
36.6000000000005,90.8192911704489,-8.40206719117144,2.85459,N,F
36.6333333333338,90.8192911704489,-8.40206719117144,2.83899,N,F
36.6666666666671,90.7298894865791,-8.68843642646259,2.83899,N,F
36.7000000000005,90.3945692728728,-8.47899286776482,2.83639,B,F
36.7333333333338,90.4546665667829,-8.28823565226649,2.84419,B,F
36.7666666666671,89.3575408595811,-7.95197469319312,2.85459,B,F
36.8000000000005,88.365006523772,-6.72064377006973,2.85459,B,F
36.8333333333338,88.5065459018002,-6.24109543625198,2.84419,B,F
36.8666666666671,87.6288453360388,-5.97208666899328,2.84159,B,F
36.9000000000005,87.4515316909999,-6.54528809195298,2.84159,B,F
36.9333333333338,87.5293998964603,-4.99924708584144,2.82599,B,F
36.9666666666671,87.3218787606826,-5.14187940407798,2.81299,B,F
37.0000000000005,87.0314300734489,-5.99372420219804,2.81299,B,F
37.0333333333338,86.8866164577685,-5.94434792536831,2.80259,B,F
37.0666666666671,85.593622741305,-5.70048833628906,2.79999,B,F
37.1000000000005,84.9834849617358,-5.58969172107717,2.79479,B,F
37.1333333333338,85.0174742177235,-5.49564529383295,2.79479,B,F
37.1666666666671,84.9155064497604,-5.77778457556562,2.79479,B,F
37.2000000000005,84.4118878318676,-5.59577210975155,2.80259,B,F
37.2333333333338,83.3905682595817,-4.81150026194256,2.81039,B,F
37.2666666666671,83.5206404815806,-4.43323948276466,2.81039,B,F
37.3000000000004,82.7826042153662,-3.75646295409933,2.80519,B,F
37.3333333333338,81.6994236197271,-3.37768063240122,2.79739,B,F
37.3666666666671,81.4113721068467,-3.27442209315492,2.78959,B,F
37.4000000000004,81.2677534358673,-3.22167100457721,2.79999,B,F
37.4333333333338,81.0667548924498,-3.78700239902123,2.79999,B,F
37.4666666666671,80.8840153913112,-3.61589855709002,2.81039,B,F
37.5000000000004,79.5818526589913,-3.16812493285889,2.83379,N,F
37.5333333333338,79.4909630705169,-3.45402540978567,2.83379,N,F
37.5666666666671,79.4606665410255,-3.54932556876126,2.83379,N,F
37.6000000000004,79.5212596000084,-3.35872525081008,2.83379,N,F
37.6333333333338,78.8651180054614,-3.15013364526143,2.84419,N,F
37.6666666666671,78.6749966513041,-2.98727137003047,2.85719,N,F
37.7000000000004,78.0398371429736,-1.34300454284661,2.85719,B,F
37.7333333333338,78.0052169004998,-0.916143395854926,2.85719,B,F
37.7666666666671,77.4804799469918,-1.07530409962052,2.85979,B,F
37.8000000000004,76.8826760731338,-1.21455487484392,2.83899,B,F
37.8333333333337,76.5175552981376,-1.10056772790987,2.83899,B,F
37.8666666666671,75.2761446631504,-0.71301142833409,2.81819,B,F
37.9000000000004,75.348678869794,-0.737322719262134,2.81299,R,F
37.9333333333337,75.4210856776342,-0.762010857676999,2.81039,R,F
37.9666666666671,74.4082924413854,-0.413742483275006,2.80519,R,F
38.0000000000004,72.9310422945465,-0.00309421082690031,2.82079,R,F
38.0333333333337,72.8775081187418,-0.406809880600703,2.82079,R,F
38.0666666666671,72.8584451237833,0.02102840920423,2.81299,R,F
38.1000000000004,72.2067838532214,0.243221654938016,2.81559,R,F
38.1333333333337,71.6910695937978,0.628686053588749,2.81559,R,F
38.1666666666671,72.0517732575286,1.45678334073028,2.81559,R,F
38.2000000000004,71.5040331190453,1.74751472997854,2.81559,R,F
38.2333333333337,71.109653479021,1.77528070797969,2.80519,R,F
38.2666666666671,70.4597451216376,2.00255010099855,2.79739,R,F
38.3000000000004,70.0276678523169,2.157437909868,2.78179,R,F
38.3333333333337,69.3116536133031,2.42678640072961,2.75319,R,F
38.3666666666671,69.4631378255257,2.7969924696254,2.75319,R,F
38.4000000000004,68.8160402385688,2.62958588984271,2.71679,R,F
38.4333333333337,69.0190791624985,3.63529233079329,2.69339,R,F
38.466666666667,68.9068006223033,3.57832058857275,2.66479,N,F
38.5000000000004,68.6552565919625,3.2580428172556,2.61279,N,F
38.5333333333337,68.6277015375012,3.96906107930914,2.56339,N,F
38.566666666667,68.1792490507251,4.26172234614218,2.51139,N,F
38.6000000000004,68.0556391115138,4.35188654595654,2.47759,N,F
38.6333333333337,68.1172665112471,4.43063972749298,2.49579,N,F
38.666666666667,67.3868668438622,4.6054212364808,2.51399,N,F
38.7000000000004,66.6438031554698,5.14447629395892,2.52959,L,F
38.7333333333337,66.5811879727984,5.1884261392262,2.54519,B,F
38.766666666667,66.1595144159847,5.11208865509059,2.55819,B,F
38.8000000000004,65.5473297385768,5.15669998489456,2.55819,B,F
38.8333333333337,65.4546756985768,4.7385801110884,2.55819,B,F
38.866666666667,64.7874043260271,4.69973213333251,2.53739,B,F
38.9000000000004,65.2910529919814,4.35205121455429,2.51139,B,F
38.9333333333337,64.6370654068032,3.71509812489008,2.48799,B,F
38.966666666667,65.4883360876225,4.82655582897845,2.48799,B,F
39.0000000000003,65.9136841316917,4.87866188818973,2.48799,R,F
39.0333333333337,65.2456186616986,5.39033637241078,2.48539,R,F
39.066666666667,66.0997762519995,6.49957701849775,2.48539,R,F
39.1000000000003,66.0387649955494,6.42034554377725,2.48539,R,F
39.1333333333337,65.3720321357764,6.93375526680452,2.43859,R,F
39.166666666667,66.406450273085,8.15440227442259,2.40219,R,F
39.2000000000003,65.9542610923093,8.56679643634701,2.38139,R,F
39.2333333333337,67.5391182319494,10.2335981182911,2.38139,R,F
39.266666666667,68.986161707273,11.7554605235445,2.38139,R,F
39.3000000000003,67.4084959743046,12.4276309520946,2.37099,R,F
39.3333333333337,67.1340556626482,12.6940681216824,2.35539,R,L
39.366666666667,67.907474938576,12.060938692874,2.35019,R,L
39.4000000000003,66.8321171252166,13.1492886243054,2.31379,R,L
39.4333333333337,66.7604789507983,12.044710436957,2.27219,R,L
39.466666666667,67.2541204468045,11.4602935708239,2.25139,R,L
39.5000000000003,67.2541204468045,11.4602935708239,2.25139,R,L
39.5333333333337,68.168741916728,10.330634411274,2.26959,R,L
39.566666666667,68.0757170901992,9.35319969138258,2.30599,N,L
39.6000000000003,66.9407955959861,9.5645695141416,2.32679,N,L
39.6333333333336,66.6903177147307,9.53868842062163,2.32679,N,L
39.666666666667,67.3284341243703,9.29920679763427,2.30859,N,L
39.7000000000003,67.8464022461063,9.77006667579899,2.26959,L,L
39.7333333333336,67.6440664580413,9.69997759770457,2.20719,B,L
39.766666666667,69.2106931383737,9.43083619533265,2.16819,B,L
39.8000000000003,69.3794344716043,9.36058406042157,2.12659,B,L
39.8333333333336,69.63427905716,9.51886936363366,2.12659,B,L
39.866666666667,69.5408854808806,9.10064258315475,2.13699,B,L
39.9000000000003,69.9628599245574,9.36885438170892,2.14739,R,L
39.9333333333336,70.0054079742478,9.67028416369394,2.16559,R,L
39.966666666667,70.176871363491,9.41683534016298,2.21239,R,L
40.0000000000003,69.7534208042972,8.8140419477652,2.23319,R,L
40.0333333333336,70.4783346287243,9.18540288695294,2.24619,R,L
40.066666666667,70.8031267015258,9.739641427155,2.26699,R,L
40.1000000000003,70.8370749774891,10.166822319236,2.23839,R,L
40.1333333333336,69.6267231737233,9.60230083060964,2.21759,R,L
40.1666666666669,70.0257332379904,9.90361622784913,2.17599,R,L
40.2000000000003,69.7547162776898,9.06498039673443,2.13179,R,L
40.2333333333336,69.5006982174925,8.90537204766212,2.08239,R,L
40.2666666666669,69.1144601421837,8.77625040276182,2.03299,R,L
40.3000000000003,68.8459372026093,8.64247659769394,2.03299,R,L
40.3333333333336,69.3829830817581,8.91002420782971,2.02259,R,L
40.3666666666669,68.3422083180616,9.68044236782629,2.01479,R,L
40.4000000000003,67.9809909622264,9.50862263134816,2.01479,R,L
40.4333333333336,70.1482950972377,10.5395410502169,2.01479,R,L
40.4666666666669,68.9495069862367,10.731737082753,2.05379,N,L
40.5000000000003,69.3408506291055,9.55486574178737,2.11879,N,L
40.5333333333336,69.8702567202303,9.07137692011726,2.17339,N,L
40.5666666666669,68.9900375358031,9.11581156163023,2.20979,N,L
40.6000000000003,69.3457620189102,9.47541181485347,2.21499,N,L
40.6333333333336,68.2501966833885,8.26985277623147,2.16559,N,L
40.6666666666669,67.7532382058768,7.93365005222516,2.16559,N,L
40.7000000000003,68.1215991414561,8.45993939387969,2.13699,L,L
40.7333333333336,67.0724682282085,8.24632624618411,2.15259,B,L
40.7666666666669,68.4959568668088,8.08383287470083,2.23059,B,L
40.8000000000002,68.3995941584953,7.71861447641496,2.35019,B,L
40.8333333333336,68.0232189238195,8.09953695241595,2.48799,B,F
40.8666666666669,68.2661518219988,7.9134735036083,2.64139,R,F
40.9000000000002,68.2661518219988,7.9134735036083,2.64139,B,F
40.9333333333336,68.3141121594003,8.00122204226471,2.69079,R,F
40.9666666666669,67.832109848716,8.23453304178031,2.72459,R,F
41.0000000000002,66.9412139432825,8.30106676016271,2.74019,R,F
41.0333333333336,66.9412139432825,8.30106676016271,2.74019,R,F
41.0666666666669,66.0334855671594,8.90361982436621,2.72459,R,F
41.1000000000002,65.1020874835635,8.87872283913051,2.70379,R,F
41.1333333333336,64.9635176150988,8.94358724812097,2.66479,R,F
41.1666666666669,64.6236790433017,9.11913210027822,2.63879,R,F
41.2000000000002,64.4414266977081,9.10523668644427,2.60239,R,F
41.2333333333336,63.0830186710296,9.21883084586987,2.57899,R,F
41.2666666666669,63.1363576218209,9.30341782080389,2.56339,R,F
41.3000000000002,61.9397788958231,9.00961243880854,2.54519,R,F
41.3333333333335,61.4334336671157,9.35335436142686,2.51659,R,F
41.3666666666669,60.8271625379506,9.29753037069913,2.48539,R,F
41.4000000000002,60.7665504597894,9.34420398188342,2.46979,R,F
41.4333333333335,60.5105017771083,8.65347297628335,2.46199,R,F
41.4666666666669,60.2557631944883,8.21648269661486,2.49579,R,F
41.5000000000002,61.4685448105247,8.55469232362759,2.56079,N,F
41.5333333333335,61.0299409647559,8.72294114673443,2.68819,N,F
41.5666666666669,61.2362527105854,8.62241396865413,2.81559,N,F
41.6000000000002,60.4559124246103,8.46398010837074,2.92999,N,F
41.6333333333335,59.6003933067543,8.85232407830307,3.01579,N,F
41.6666666666669,60.1943969406693,9.28118295123878,3.10939,L,F
41.7000000000002,60.1943969406693,9.28118295123878,3.10939,B,F
41.7333333333335,59.725975787666,8.9961169528823,3.16659,B,F
41.7666666666669,60.342783536851,8.81147621917156,3.22379,B,F
41.8000000000002,60.342783536851,8.81147621917156,3.22379,B,F
41.8333333333335,60.5715086759401,8.83031927488658,3.28619,B,F
41.8666666666669,59.9370767062557,8.94004655427643,3.34079,B,F
41.9000000000002,59.7121149024209,8.89463249460992,3.39279,B,F
41.9333333333335,59.9344121594423,8.95167791090917,3.40839,B,F
41.9666666666668,59.9344121594423,8.95167791090917,3.40839,B,F
42.0000000000002,59.9607765044138,8.8552158908483,3.41619,L,F
42.0333333333335,59.8135087321936,8.81372850402638,3.41879,L,F
42.0666666666668,59.1512913990234,8.62531286335687,3.41879,L,F
42.1000000000002,59.0862303100267,8.29489486339535,3.43439,L,F
42.1333333333335,57.2594709538459,8.78864834905985,3.45259,L,F
42.1666666666668,55.9105826703061,8.98531150913058,3.47079,L,F
42.2000000000002,55.9105826703061,8.98531150913058,3.47079,L,F
42.2333333333335,56.3217291577285,8.49172381086392,3.51499,L,F
42.2666666666668,55.1647957153108,10.1864763030631,3.53839,L,F
42.3000000000002,54.4592335835042,9.89082942220611,3.55399,L,F
42.3333333333335,54.749654263792,9.79958207451221,3.56699,L,F
42.3666666666668,54.2672895923829,10.6788866712115,3.55919,L,F
42.4000000000002,53.0785467451127,10.1514488141477,3.55139,L,F
42.4333333333335,53.6761819380731,8.77564643875528,3.56959,L,F
42.4666666666668,53.0070065130548,8.03071137410088,3.57479,L,F
42.5000000000001,53.1329389965596,7.75842290648183,3.61639,L,F
42.5333333333335,52.4982749992529,7.31975833015646,3.67879,L,F
42.5666666666668,52.0086145414136,7.84286600170084,3.73339,L,F
42.6000000000001,52.3895567094867,8.09892080947399,3.76979,L,F
42.6333333333335,52.977243917299,7.28983259069078,3.82439,N,F
42.6666666666668,53.2408713463584,6.60195845347707,3.87119,B,F
42.7000000000001,53.0320269806626,6.14691446558456,3.89719,B,F
42.7333333333335,52.0895601802106,5.8085650455382,3.92579,B,F
42.7666666666668,52.0258872025888,4.89753376071821,3.94919,B,R
42.8000000000001,52.7344025423051,3.90220654648825,3.97259,B,R
42.8333333333335,52.7859742103326,3.95870975928948,3.99859,B,R
42.8666666666668,52.4362970338546,3.24951946589116,4.02199,B,R
42.9000000000001,52.7404407785741,2.20451201015318,4.04539,B,R
42.9333333333335,52.030561786355,1.30294223115328,4.08439,B,R
42.9666666666668,51.8689013436101,-0.281354111470643,4.12599,R,R
43.0000000000001,51.4879094113712,-0.854832443728154,4.16759,R,R
43.0333333333335,51.4023862628004,-0.803007825460925,4.16759,R,R
43.0666666666668,51.1582797823319,-1.01288404182022,4.22219,R,R
43.1000000000001,50.6613188615925,-1.0945286574282,4.26899,R,R
43.1333333333334,51.7452772773492,-1.60934333564766,4.26899,R,R
43.1666666666668,52.2463086102613,-2.1860612939603,4.29239,R,R
43.2000000000001,52.2463086102613,-2.1860612939603,4.29239,R,R
43.2333333333334,52.0279533861982,-2.67502064413613,4.29239,R,R
43.2666666666668,51.7829483081089,-2.73317141120296,4.29239,R,R
43.3000000000001,52.1816495286805,-2.57609392486331,4.29759,R,R
43.3333333333334,52.3646889988983,-2.6566951180453,4.29759,R,R
43.3666666666668,52.2413691733299,-2.93674550747865,4.29759,R,R
43.4000000000001,51.9022396530167,-3.70688407842035,4.29239,R,R
43.4333333333334,51.7082624082741,-4.87698197112937,4.29759,R,R
43.4666666666668,51.9481111209393,-6.06924991292471,4.30539,R,R
43.5000000000001,51.9481111209393,-6.06924991292471,4.30539,R,R
43.5333333333334,51.6423343174356,-6.02074427985909,4.29759,N,R
43.5666666666668,51.6095640929087,-6.59143365454944,4.28199,N,R
43.6000000000001,51.3542172345173,-7.14761885923365,4.26639,N,R
43.6333333333334,51.5918723026365,-7.34604345094868,4.22999,N,R
43.6666666666668,51.5918723026365,-7.34604345094868,4.19879,N,R
43.7000000000001,52.0989251802317,-8.68605142828402,4.16499,N,R
43.7333333333334,51.3304321394088,-8.21763020096114,4.16499,B,R
43.7666666666667,51.0517215091516,-8.6748835602508,4.22739,B,R
43.8000000000001,50.8761756918304,-8.15001222742625,4.32619,B,R
43.8333333333334,50.4191909171114,-8.21194094188895,4.43279,B,R
43.8666666666667,50.3769674727979,-8.35899936820417,4.55499,B,R
43.9000000000001,51.7836438699194,-8.427340525506,4.64339,B,R
43.9333333333334,51.6992561148436,-9.64842803538941,4.72139,B,R
43.9666666666667,51.7013218209517,-9.87791873859604,4.77859,B,R
44.0000000000001,51.7367465784434,-10.4122457326331,4.79159,B,R
44.0333333333334,51.5373735307625,-10.4280693813402,4.79159,B,R
44.0666666666667,51.637060054603,-10.4201575569866,4.79159,B,R
44.1000000000001,51.6733753283858,-10.8777187014144,4.80979,B,R
44.1333333333334,51.6808147304707,-10.953856112039,4.84359,B,R
44.1666666666667,51.8909849871382,-12.54654902444,4.86699,B,R
44.2000000000001,52.6251878620279,-13.3612085474947,4.89299,B,R
44.2333333333334,53.5264778065033,-12.7300529121816,4.93719,B,R
44.2666666666667,53.5264778065033,-12.7300529121816,4.93719,B,R
44.3,54.2770759357957,-12.8723148125723,4.99959,N,R
44.3333333333334,53.0796645744823,-12.3485512382398,5.09839,N,R
44.3666666666667,53.8208021955453,-12.0473618847674,5.09839,N,R
44.4,54.3929796295573,-12.3928662031303,5.18419,N,R
44.4333333333334,55.1078892434005,-13.5739814574702,5.24139,N,R
44.4666666666667,55.2918094847419,-14.0867519663969,5.30639,N,R
44.5,56.0459279558212,-14.1313202463388,5.34279,N,R
44.5333333333334,56.0459279558212,-14.1313202463388,5.38179,N,R
44.5666666666667,55.6352220849656,-13.7734362740171,5.42859,N,R
44.6,56.0622211222246,-14.1117143728943,5.47019,N,R
44.6333333333334,56.0622211222246,-14.1117143728943,5.47019,N,R
44.6666666666667,57.8228190299079,-13.4989174999738,5.56119,N,B
44.7,57.2280239323259,-14.1743572026064,5.56119,N,B
44.7333333333334,57.457673431221,-14.3765875357843,5.65219,N,B
44.7666666666667,57.5194426469261,-14.4217186114548,5.74059,N,B
44.8,58.5021288897409,-15.01424202718,5.84199,N,B
44.8333333333334,57.7352225456338,-15.2050263540211,5.91739,N,B
44.8666666666667,58.306732369472,-15.4239339172901,5.99019,N,B
44.9,58.1045575485038,-16.0941020616886,5.99019,N,B
44.9333333333333,58.0447242916431,-15.7626975032205,6.02399,N,B
44.9666666666667,58.4883921017144,-15.8803404983648,6.10459,N,B
45,58.6482747608878,-14.9946557151063,6.11499,N,B
45.0333333333333,58.9247571869821,-14.7373082494864,6.18259,N,B
45.0666666666667,58.9807852992158,-14.9439797294722,6.25799,N,B
45.1,59.7455424997202,-14.9632521002855,0.0632046928204133,N,B
45.1333333333333,60.0061655547913,-15.447757903311,0.110004692820413,N,B
45.1666666666667,60.4623911672854,-15.3973675222413,0.185404692820413,N,B
45.2,61.1390914672199,-15.2704464677684,0.268604692820413,N,B
45.2333333333333,61.513734885418,-15.4784808620422,0.331004692820413,N,B
45.2666666666667,61.0796511026128,-15.6276528081498,0.401204692820413,N,B
45.3,61.1187038681157,-15.7197119277772,0.401204692820413,N,B
45.3333333333333,61.7602112112413,-15.6648272421547,0.437604692820413,N,B
45.3666666666667,61.6330798851199,-15.3930964453748,0.455804692820413,N,B
45.4,61.6330798851199,-15.3930964453748,0.455804692820413,N,B
45.4333333333333,61.446357310051,-15.7073744750867,0.531204692820413,N,B
45.4666666666666,61.8927631705845,-15.5610774905608,0.604004692820413,N,B
45.5,61.6470747991159,-15.6091136657325,0.684604692820413,N,B
45.5333333333333,61.631176808192,-15.1057417814515,0.754804692820413,N,B
45.5666666666666,62.2478085852264,-15.7613066154316,0.848404692820413,N,L
45.6,61.4975820114966,-15.1001257868608,0.934204692820413,N,L
45.6333333333333,61.7249622507852,-14.792547379327,1.02000469282041,N,L
45.6666666666666,61.639751202985,-14.7402111840814,1.02000469282041,N,L
45.7,60.5371442506563,-14.2425497442686,1.04860469282041,N,L
45.7333333333333,60.4504714389585,-14.1926716557689,1.04860469282041,N,L
45.7666666666666,59.5248679116911,-13.3952204909254,1.08240469282041,N,L
45.8,59.3095022815554,-13.8005581839127,1.12140469282041,N,L
45.8333333333333,59.3523629277413,-13.4814986831789,1.19680469282041,N,L
45.8666666666666,59.3708498955534,-13.9818378001996,1.29300469282041,N,L
45.9,59.7222852971496,-13.8434058367484,1.38660469282041,N,L
45.9333333333333,59.7222852971496,-13.8434058367484,1.38660469282041,N,L
45.9666666666666,58.8512896351212,-13.0586061446436,1.51400469282041,N,L
46,58.8512896351212,-13.0586061446436,1.51400469282041,N,L
46.0333333333333,59.1334370718254,-13.3811411411343,1.59980469282041,N,L
46.0666666666666,57.4164016538937,-12.8187059239155,1.66220469282041,N,L
46.0999999999999,57.4164016538937,-12.8187059239155,1.70120469282041,N,L
46.1333333333333,56.5240436683207,-12.9357410707055,1.70120469282041,N,L
46.1666666666666,56.9902831298044,-13.4146784513258,1.74540469282041,N,L
46.1999999999999,56.9902831298044,-13.4146784513258,1.74540469282041,B,L
46.2333333333333,57.0035728989034,-13.4900152420545,1.79740469282041,B,L
46.2666666666666,56.6883732242558,-13.0131406095755,1.86760469282041,B,L
46.2999999999999,57.0708831498876,-12.896152760663,1.91440469282041,B,L
46.3333333333333,57.7131257638859,-12.9101053505512,1.98460469282041,B,L
46.3666666666666,56.6759315849045,-13.5327105505673,2.05740469282041,B,L
46.3999999999999,55.8046846744274,-12.9550836632221,2.11980469282041,B,L
46.4333333333333,55.8446055552821,-13.0203414081401,2.20040469282041,B,L
46.4666666666666,54.3884616689949,-13.2293323946164,2.28620469282041,B,L
46.4999999999999,53.2330699588512,-12.8144697714127,2.37200469282041,B,F
46.5333333333333,52.9144339383122,-12.9234655805755,2.42920469282041,B,F
46.5666666666666,52.1617931939294,-12.2734177670303,2.47600469282041,B,F
46.5999999999999,51.8007649801901,-11.9899753057013,2.49940469282041,B,F
46.6333333333332,51.2548842908017,-12.0811922062891,2.50200469282041,B,F
46.6666666666666,51.5004008686699,-12.2638328643911,2.51240469282041,B,F
46.6999999999999,51.3706958223621,-11.922054279687,2.50720469282041,B,F
46.7333333333332,51.1952377016405,-12.2895684942051,2.49940469282041,B,F
46.7666666666666,50.7759734264376,-12.8501195333965,2.49940469282041,B,F
46.7999999999999,50.6561836335225,-13.0102769731655,2.51240469282041,B,F
46.8333333333332,49.925982809919,-12.973524324162,2.52540469282041,B,F
46.8666666666666,49.6370186050425,-13.38156805748,2.54360469282041,B,F
46.8999999999999,48.8150941638398,-12.8216837275032,2.56700469282041,B,F
46.9333333333332,48.0543764404791,-12.4482793952239,2.58780469282041,B,F
